Country,Year,Remittance_Outflow_USD_Mil
Afghanistan,2000,0.0
Afghanistan,2001,0.0
Afghanistan,2002,0.0
Afghanistan,2003,0.0
Afghanistan,2004,0.0
Afghanistan,2005,0.0
Afghanistan,2006,0.0
Afghanistan,2007,0.0
Afghanistan,2008,216.6
Afghanistan,2009,624.997
Afghanistan,2010,788.698
Afghanistan,2011,454.083
Afghanistan,2012,323.643
Afghanistan,2013,444.731
Afghanistan,2014,524.163
Afghanistan,2015,228.992
Afghanistan,2016,167.894
Afghanistan,2017,143.979
Afghanistan,2018,234.619
Afghanistan,2019,217.292
Afghanistan,2020,225.421
Afghanistan,2021,0.0
Afghanistan,2022,0.0
Afghanistan,2023,0.0
Albania,2000,0.0
Albania,2001,0.0
Albania,2002,0.0
Albania,2003,4.136
Albania,2004,4.864
Albania,2005,6.512
Albania,2006,26.532
Albania,2007,9.94
Albania,2008,279.7
Albania,2009,229.82
Albania,2010,209.307
Albania,2011,150.855
Albania,2012,215.776
Albania,2013,190.551
Albania,2014,178.723
Albania,2015,153.312
Albania,2016,147.157
Albania,2017,106.331
Albania,2018,114.879
Albania,2019,119.68
Albania,2020,124.63
Albania,2021,140.344
Albania,2022,149.49
Albania,2023,178.277
Algeria,2000,0.0
Algeria,2001,0.0
Algeria,2002,0.0
Algeria,2003,0.0
Algeria,2004,0.0
Algeria,2005,27.0
Algeria,2006,35.0
Algeria,2007,48.864
Algeria,2008,26.783
Algeria,2009,45.702
Algeria,2010,28.0
Algeria,2011,30.902
Algeria,2012,44.243
Algeria,2013,38.716
Algeria,2014,295.922
Algeria,2015,72.129
Algeria,2016,76.633
Algeria,2017,214.378
Algeria,2018,87.006
Algeria,2019,81.545
Algeria,2020,149.253
Algeria,2021,83.216
Algeria,2022,77.651
Algeria,2023,74.973
Andorra,2000,0.0
Andorra,2001,0.0
Andorra,2002,0.0
Andorra,2003,0.0
Andorra,2004,0.0
Andorra,2005,0.0
Andorra,2006,0.0
Andorra,2007,0.0
Andorra,2008,0.0
Andorra,2009,0.0
Andorra,2010,0.0
Andorra,2011,0.0
Andorra,2012,0.0
Andorra,2013,0.0
Andorra,2014,0.0
Andorra,2015,0.0
Andorra,2016,0.0
Andorra,2017,0.0
Andorra,2018,0.0
Andorra,2019,91.5
Andorra,2020,83.804
Andorra,2021,70.514
Andorra,2022,123.883
Andorra,2023,0.0
Angola,2000,266.29
Angola,2001,216.06
Angola,2002,223.508
Angola,2003,229.85
Angola,2004,296.01
Angola,2005,214.905
Angola,2006,412.667
Angola,2007,602.671
Angola,2008,669.454
Angola,2009,716.0
Angola,2010,714.459
Angola,2011,564.262
Angola,2012,2051.321
Angola,2013,2395.966
Angola,2014,2746.616
Angola,2015,1252.909
Angola,2016,1176.11
Angola,2017,961.415
Angola,2018,681.627
Angola,2019,549.082
Angola,2020,576.471
Angola,2021,445.4
Angola,2022,517.668
Angola,2023,434.162
Antigua and Barbuda,2000,33.806
Antigua and Barbuda,2001,30.944
Antigua and Barbuda,2002,29.772
Antigua and Barbuda,2003,32.427
Antigua and Barbuda,2004,35.079
Antigua and Barbuda,2005,37.357
Antigua and Barbuda,2006,39.912
Antigua and Barbuda,2007,48.278
Antigua and Barbuda,2008,51.047
Antigua and Barbuda,2009,48.365
Antigua and Barbuda,2010,48.919
Antigua and Barbuda,2011,48.524
Antigua and Barbuda,2012,50.128
Antigua and Barbuda,2013,49.249
Antigua and Barbuda,2014,52.1
Antigua and Barbuda,2015,52.823
Antigua and Barbuda,2016,54.743
Antigua and Barbuda,2017,55.445
Antigua and Barbuda,2018,54.174
Antigua and Barbuda,2019,47.552
Antigua and Barbuda,2020,44.158
Antigua and Barbuda,2021,52.124
Antigua and Barbuda,2022,55.996
Antigua and Barbuda,2023,57.137
Argentina,2000,267.7
Argentina,2001,256.1
Argentina,2002,119.55
Argentina,2003,180.41
Argentina,2004,234.47
Argentina,2005,314.01
Argentina,2006,356.5
Argentina,2007,463.192
Argentina,2008,631.436
Argentina,2009,766.572
Argentina,2010,1037.765
Argentina,2011,1137.055
Argentina,2012,979.206
Argentina,2013,887.803
Argentina,2014,732.415
Argentina,2015,685.001
Argentina,2016,769.242
Argentina,2017,1060.485
Argentina,2018,1010.376
Argentina,2019,669.932
Argentina,2020,521.041
Argentina,2021,596.899
Argentina,2022,590.412
Argentina,2023,518.657
Armenia,2000,3.52
Armenia,2001,18.08
Armenia,2002,22.791
Armenia,2003,25.591
Armenia,2004,184.167
Armenia,2005,207.369
Armenia,2006,182.06
Armenia,2007,238.833
Armenia,2008,223.597
Armenia,2009,180.495
Armenia,2010,227.43
Armenia,2011,300.394
Armenia,2012,314.789
Armenia,2013,355.298
Armenia,2014,390.59
Armenia,2015,363.788
Armenia,2016,358.016
Armenia,2017,367.496
Armenia,2018,341.263
Armenia,2019,362.672
Armenia,2020,304.366
Armenia,2021,352.776
Armenia,2022,605.44
Armenia,2023,533.922
Aruba,2000,43.743
Aruba,2001,39.112
Aruba,2002,45.961
Aruba,2003,47.637
Aruba,2004,49.073
Aruba,2005,61.931
Aruba,2006,71.864
Aruba,2007,73.073
Aruba,2008,75.642
Aruba,2009,72.961
Aruba,2010,64.916
Aruba,2011,63.911
Aruba,2012,67.821
Aruba,2013,96.601
Aruba,2014,101.055
Aruba,2015,101.228
Aruba,2016,98.0
Aruba,2017,108.046
Aruba,2018,111.651
Aruba,2019,112.628
Aruba,2020,101.763
Aruba,2021,111.332
Aruba,2022,110.361
Aruba,2023,112.708
Australia,2000,868.991
Australia,2001,855.078
Australia,2002,991.488
Australia,2003,1380.807
Australia,2004,1608.967
Australia,2005,1531.079
Australia,2006,2051.227
Australia,2007,2980.871
Australia,2008,3366.427
Australia,2009,3224.401
Australia,2010,4655.461
Australia,2011,6597.638
Australia,2012,7288.017
Australia,2013,7353.448
Australia,2014,6916.961
Australia,2015,6032.85
Australia,2016,6179.374
Australia,2017,6793.254
Australia,2018,7268.447
Australia,2019,7438.424
Australia,2020,4422.969
Australia,2021,3810.033
Australia,2022,6545.837
Australia,2023,10264.986
Austria,2000,0.0
Austria,2001,0.0
Austria,2002,0.0
Austria,2003,0.0
Austria,2004,0.0
Austria,2005,2118.672
Austria,2006,2302.2
Austria,2007,2592.071
Austria,2008,2984.77
Austria,2009,2909.179
Austria,2010,2989.978
Austria,2011,3622.756
Austria,2012,3450.702
Austria,2013,3895.701
Austria,2014,4962.527
Austria,2015,4750.215
Austria,2016,4885.124
Austria,2017,5369.094
Austria,2018,6206.351
Austria,2019,6423.312
Austria,2020,6214.085
Austria,2021,7042.694
Austria,2022,7119.998
Austria,2023,8233.728
Azerbaijan,2000,100.962
Azerbaijan,2001,141.882
Azerbaijan,2002,187.881
Azerbaijan,2003,131.284
Azerbaijan,2004,172.305
Azerbaijan,2005,239.397
Azerbaijan,2006,274.348
Azerbaijan,2007,404.535
Azerbaijan,2008,567.345
Azerbaijan,2009,638.101
Azerbaijan,2010,953.589
Azerbaijan,2011,1279.63
Azerbaijan,2012,2072.681
Azerbaijan,2013,1902.6
Azerbaijan,2014,2031.324
Azerbaijan,2015,1293.019
Azerbaijan,2016,740.236
Azerbaijan,2017,603.318
Azerbaijan,2018,579.5
Azerbaijan,2019,621.549
Azerbaijan,2020,731.878
Azerbaijan,2021,812.858
Azerbaijan,2022,811.938
Azerbaijan,2023,674.78
"Bahamas, The",2000,56.17
"Bahamas, The",2001,53.62
"Bahamas, The",2002,57.67
"Bahamas, The",2003,62.75
"Bahamas, The",2004,71.39
"Bahamas, The",2005,83.964
"Bahamas, The",2006,100.29
"Bahamas, The",2007,94.99
"Bahamas, The",2008,65.925
"Bahamas, The",2009,63.34
"Bahamas, The",2010,88.04
"Bahamas, The",2011,119.727
"Bahamas, The",2012,139.704
"Bahamas, The",2013,138.725
"Bahamas, The",2014,150.819
"Bahamas, The",2015,178.8
"Bahamas, The",2016,193.849
"Bahamas, The",2017,262.328
"Bahamas, The",2018,210.701
"Bahamas, The",2019,206.9
"Bahamas, The",2020,235.468
"Bahamas, The",2021,246.134
"Bahamas, The",2022,216.508
"Bahamas, The",2023,260.753
Bahrain,2000,1012.682
Bahrain,2001,1286.919
Bahrain,2002,871.543
Bahrain,2003,1082.181
Bahrain,2004,1119.947
Bahrain,2005,1223.404
Bahrain,2006,1530.851
Bahrain,2007,1482.771
Bahrain,2008,1774.489
Bahrain,2009,1390.957
Bahrain,2010,1641.755
Bahrain,2011,2050.0
Bahrain,2012,2074.468
Bahrain,2013,2165.957
Bahrain,2014,2364.362
Bahrain,2015,2367.3
Bahrain,2016,2391.489
Bahrain,2017,2465.957
Bahrain,2018,3268.883
Bahrain,2019,2890.16
Bahrain,2020,2738.032
Bahrain,2021,2526.862
Bahrain,2022,2711.702
Bahrain,2023,2663.298
Bangladesh,2000,4.378
Bangladesh,2001,3.7
Bangladesh,2002,5.735
Bangladesh,2003,7.069
Bangladesh,2004,7.743
Bangladesh,2005,5.5
Bangladesh,2006,3.322
Bangladesh,2007,2.81
Bangladesh,2008,14.331
Bangladesh,2009,7.792
Bangladesh,2010,9.419
Bangladesh,2011,11.613
Bangladesh,2012,11.742
Bangladesh,2013,19.554
Bangladesh,2014,32.521
Bangladesh,2015,32.103
Bangladesh,2016,41.214
Bangladesh,2017,46.838
Bangladesh,2018,56.932
Bangladesh,2019,82.793
Bangladesh,2020,94.828
Bangladesh,2021,100.465
Bangladesh,2022,135.24
Bangladesh,2023,148.78
Barbados,2000,19.15
Barbados,2001,20.3
Barbados,2002,20.134
Barbados,2003,21.713
Barbados,2004,18.25
Barbados,2005,40.794
Barbados,2006,35.778
Barbados,2007,55.287
Barbados,2008,39.019
Barbados,2009,37.17
Barbados,2010,35.029
Barbados,2011,56.726
Barbados,2012,52.695
Barbados,2013,63.897
Barbados,2014,62.511
Barbados,2015,54.532
Barbados,2016,51.616
Barbados,2017,48.758
Barbados,2018,0.0
Barbados,2019,0.0
Barbados,2020,0.0
Barbados,2021,0.0
Barbados,2022,0.0
Barbados,2023,0.0
Belarus,2000,9.6
Belarus,2001,33.2
Belarus,2002,48.8
Belarus,2003,28.1
Belarus,2004,47.1
Belarus,2005,52.2
Belarus,2006,70.4
Belarus,2007,103.2
Belarus,2008,171.0
Belarus,2009,133.0
Belarus,2010,115.7
Belarus,2011,133.8
Belarus,2012,141.7
Belarus,2013,150.8
Belarus,2014,181.2
Belarus,2015,162.3
Belarus,2016,123.8
Belarus,2017,137.8
Belarus,2018,159.9
Belarus,2019,185.9
Belarus,2020,245.2
Belarus,2021,240.201
Belarus,2022,236.105
Belarus,2023,211.646
Belgium,2000,0.0
Belgium,2001,0.0
Belgium,2002,1628.742
Belgium,2003,2097.328
Belgium,2004,2342.484
Belgium,2005,2426.084
Belgium,2006,2564.697
Belgium,2007,3201.619
Belgium,2008,4123.8
Belgium,2009,4291.703
Belgium,2010,4142.285
Belgium,2011,4504.367
Belgium,2012,4303.018
Belgium,2013,4548.072
Belgium,2014,5251.31
Belgium,2015,4441.159
Belgium,2016,4564.819
Belgium,2017,4747.435
Belgium,2018,5611.364
Belgium,2019,5335.51
Belgium,2020,6058.986
Belgium,2021,7104.603
Belgium,2022,7031.047
Belgium,2023,10148.959
Belize,2000,6.435
Belize,2001,16.03
Belize,2002,16.651
Belize,2003,19.75
Belize,2004,18.014
Belize,2005,19.332
Belize,2006,20.609
Belize,2007,21.455
Belize,2008,27.978
Belize,2009,22.509
Belize,2010,21.992
Belize,2011,23.5
Belize,2012,26.327
Belize,2013,31.523
Belize,2014,33.27
Belize,2015,41.161
Belize,2016,45.202
Belize,2017,45.608
Belize,2018,42.979
Belize,2019,41.881
Belize,2020,42.407
Belize,2021,41.696
Belize,2022,41.395
Belize,2023,42.579
Benin,2000,8.902
Benin,2001,10.268
Benin,2002,6.648
Benin,2003,5.247
Benin,2004,5.638
Benin,2005,33.541
Benin,2006,60.845
Benin,2007,107.688
Benin,2008,74.614
Benin,2009,70.228
Benin,2010,63.441
Benin,2011,61.6
Benin,2012,87.742
Benin,2013,101.063
Benin,2014,144.363
Benin,2015,98.217
Benin,2016,88.137
Benin,2017,72.946
Benin,2018,94.459
Benin,2019,87.497
Benin,2020,92.063
Benin,2021,100.184
Benin,2022,0.0
Benin,2023,0.0
Bermuda,2000,0.0
Bermuda,2001,0.0
Bermuda,2002,0.0
Bermuda,2003,0.0
Bermuda,2004,0.0
Bermuda,2005,0.0
Bermuda,2006,171.6
Bermuda,2007,177.947
Bermuda,2008,190.915
Bermuda,2009,212.564
Bermuda,2010,238.623
Bermuda,2011,215.424
Bermuda,2012,217.149
Bermuda,2013,218.784
Bermuda,2014,224.147
Bermuda,2015,186.973
Bermuda,2016,213.857
Bermuda,2017,218.384
Bermuda,2018,197.545
Bermuda,2019,198.61
Bermuda,2020,183.196
Bermuda,2021,159.406
Bermuda,2022,0.0
Bermuda,2023,0.0
Bhutan,2000,0.0
Bhutan,2001,0.0
Bhutan,2002,0.0
Bhutan,2003,0.0
Bhutan,2004,0.0
Bhutan,2005,0.0
Bhutan,2006,75.1
Bhutan,2007,60.503
Bhutan,2008,61.008
Bhutan,2009,47.65
Bhutan,2010,70.78
Bhutan,2011,92.283
Bhutan,2012,73.765
Bhutan,2013,57.95
Bhutan,2014,52.12
Bhutan,2015,54.959
Bhutan,2016,52.526
Bhutan,2017,52.589
Bhutan,2018,57.524
Bhutan,2019,64.991
Bhutan,2020,47.981
Bhutan,2021,25.795
Bhutan,2022,33.684
Bhutan,2023,77.804
Bolivia,2000,37.0
Bolivia,2001,36.38
Bolivia,2002,37.88
Bolivia,2003,45.781
Bolivia,2004,50.587
Bolivia,2005,66.72
Bolivia,2006,73.24
Bolivia,2007,78.912
Bolivia,2008,105.883
Bolivia,2009,103.47
Bolivia,2010,101.784
Bolivia,2011,117.259
Bolivia,2012,147.113
Bolivia,2013,172.159
Bolivia,2014,180.1
Bolivia,2015,210.176
Bolivia,2016,222.25
Bolivia,2017,232.928
Bolivia,2018,251.816
Bolivia,2019,275.422
Bolivia,2020,215.68
Bolivia,2021,293.731
Bolivia,2022,319.306
Bolivia,2023,332.201
Bosnia and Herzegovina,2000,2.351
Bosnia and Herzegovina,2001,10.807
Bosnia and Herzegovina,2002,14.009
Bosnia and Herzegovina,2003,20.022
Bosnia and Herzegovina,2004,62.067
Bosnia and Herzegovina,2005,39.993
Bosnia and Herzegovina,2006,54.51
Bosnia and Herzegovina,2007,65.4
Bosnia and Herzegovina,2008,55.293
Bosnia and Herzegovina,2009,55.056
Bosnia and Herzegovina,2010,46.44
Bosnia and Herzegovina,2011,51.68
Bosnia and Herzegovina,2012,46.847
Bosnia and Herzegovina,2013,48.445
Bosnia and Herzegovina,2014,46.847
Bosnia and Herzegovina,2015,55.544
Bosnia and Herzegovina,2016,60.513
Bosnia and Herzegovina,2017,63.65
Bosnia and Herzegovina,2018,83.629
Bosnia and Herzegovina,2019,84.374
Bosnia and Herzegovina,2020,96.76
Bosnia and Herzegovina,2021,105.828
Bosnia and Herzegovina,2022,103.484
Bosnia and Herzegovina,2023,135.4
Botswana,2000,133.941
Botswana,2001,129.092
Botswana,2002,129.616
Botswana,2003,185.589
Botswana,2004,99.2
Botswana,2005,107.033
Botswana,2006,97.41
Botswana,2007,98.646
Botswana,2008,57.562
Botswana,2009,59.504
Botswana,2010,99.8
Botswana,2011,122.311
Botswana,2012,124.131
Botswana,2013,97.489
Botswana,2014,105.397
Botswana,2015,94.742
Botswana,2016,80.448
Botswana,2017,81.247
Botswana,2018,63.439
Botswana,2019,99.404
Botswana,2020,182.229
Botswana,2021,242.674
Botswana,2022,209.808
Botswana,2023,0.0
Brazil,2000,338.325
Brazil,2001,344.833
Brazil,2002,329.421
Brazil,2003,295.98
Brazil,2004,339.493
Brazil,2005,373.953
Brazil,2006,529.306
Brazil,2007,562.634
Brazil,2008,813.083
Brazil,2009,730.896
Brazil,2010,1023.7
Brazil,2011,1123.817
Brazil,2012,1063.671
Brazil,2013,1150.189
Brazil,2014,1538.776
Brazil,2015,1339.087
Brazil,2016,1385.076
Brazil,2017,2238.141
Brazil,2018,2253.247
Brazil,2019,2231.583
Brazil,2020,1607.787
Brazil,2021,1755.082
Brazil,2022,2238.383
Brazil,2023,2286.427
Brunei Darussalam,2000,0.0
Brunei Darussalam,2001,0.0
Brunei Darussalam,2002,89.226
Brunei Darussalam,2003,96.976
Brunei Darussalam,2004,353.782
Brunei Darussalam,2005,375.575
Brunei Darussalam,2006,405.466
Brunei Darussalam,2007,430.285
Brunei Darussalam,2008,420.36
Brunei Darussalam,2009,444.817
Brunei Darussalam,2010,0.0
Brunei Darussalam,2011,0.0
Brunei Darussalam,2012,0.0
Brunei Darussalam,2013,0.0
Brunei Darussalam,2014,0.0
Brunei Darussalam,2015,0.0
Brunei Darussalam,2016,0.0
Brunei Darussalam,2017,0.0
Brunei Darussalam,2018,0.0
Brunei Darussalam,2019,0.0
Brunei Darussalam,2020,10.15
Brunei Darussalam,2021,10.418
Brunei Darussalam,2022,10.443
Brunei Darussalam,2023,0.0
Bulgaria,2000,25.958
Bulgaria,2001,26.957
Bulgaria,2002,14.493
Bulgaria,2003,12.586
Bulgaria,2004,29.437
Bulgaria,2005,35.452
Bulgaria,2006,49.577
Bulgaria,2007,102.605
Bulgaria,2008,161.811
Bulgaria,2009,101.25
Bulgaria,2010,90.4
Bulgaria,2011,104.54
Bulgaria,2012,107.09
Bulgaria,2013,161.95
Bulgaria,2014,169.06
Bulgaria,2015,114.85
Bulgaria,2016,126.53
Bulgaria,2017,163.04
Bulgaria,2018,195.08
Bulgaria,2019,204.57
Bulgaria,2020,189.12
Bulgaria,2021,157.23
Bulgaria,2022,188.04
Bulgaria,2023,174.06
Burkina Faso,2000,0.0
Burkina Faso,2001,0.0
Burkina Faso,2002,0.0
Burkina Faso,2003,0.0
Burkina Faso,2004,0.0
Burkina Faso,2005,83.86
Burkina Faso,2006,86.154
Burkina Faso,2007,93.322
Burkina Faso,2008,100.016
Burkina Faso,2009,99.708
Burkina Faso,2010,111.897
Burkina Faso,2011,42.0
Burkina Faso,2012,71.42
Burkina Faso,2013,148.953
Burkina Faso,2014,160.555
Burkina Faso,2015,180.768
Burkina Faso,2016,188.063
Burkina Faso,2017,198.932
Burkina Faso,2018,208.746
Burkina Faso,2019,196.545
Burkina Faso,2020,201.769
Burkina Faso,2021,202.583
Burkina Faso,2022,185.159
Burkina Faso,2023,0.0
Burundi,2000,2.464
Burundi,2001,2.356
Burundi,2002,2.825
Burundi,2003,3.268
Burundi,2004,0.331
Burundi,2005,0.2
Burundi,2006,0.206
Burundi,2007,0.225
Burundi,2008,0.242
Burundi,2009,1.114
Burundi,2010,4.958
Burundi,2011,6.163
Burundi,2012,5.235
Burundi,2013,6.978
Burundi,2014,14.846
Burundi,2015,21.041
Burundi,2016,19.085
Burundi,2017,15.723
Burundi,2018,19.332
Burundi,2019,0.0
Burundi,2020,0.0
Burundi,2021,0.0
Burundi,2022,0.0
Burundi,2023,0.0
Cabo Verde,2000,0.479
Cabo Verde,2001,0.283
Cabo Verde,2002,1.521
Cabo Verde,2003,7.19
Cabo Verde,2004,11.978
Cabo Verde,2005,5.171
Cabo Verde,2006,5.718
Cabo Verde,2007,6.023
Cabo Verde,2008,10.008
Cabo Verde,2009,11.724
Cabo Verde,2010,7.963
Cabo Verde,2011,8.626
Cabo Verde,2012,9.9
Cabo Verde,2013,9.847
Cabo Verde,2014,11.394
Cabo Verde,2015,14.208
Cabo Verde,2016,36.461
Cabo Verde,2017,44.233
Cabo Verde,2018,40.253
Cabo Verde,2019,37.198
Cabo Verde,2020,37.06
Cabo Verde,2021,35.348
Cabo Verde,2022,30.42
Cabo Verde,2023,29.756
Cambodia,2000,59.618
Cambodia,2001,52.346
Cambodia,2002,69.656
Cambodia,2003,56.198
Cambodia,2004,56.247
Cambodia,2005,128.49
Cambodia,2006,120.24
Cambodia,2007,118.396
Cambodia,2008,170.628
Cambodia,2009,159.287
Cambodia,2010,163.0
Cambodia,2011,192.437
Cambodia,2012,265.124
Cambodia,2013,297.256
Cambodia,2014,359.61
Cambodia,2015,314.341
Cambodia,2016,356.857
Cambodia,2017,324.477
Cambodia,2018,309.803
Cambodia,2019,279.025
Cambodia,2020,226.459
Cambodia,2021,259.244
Cambodia,2022,302.336
Cambodia,2023,430.154
Cameroon,2000,30.055
Cameroon,2001,41.762
Cameroon,2002,55.839
Cameroon,2003,56.864
Cameroon,2004,42.246
Cameroon,2005,56.198
Cameroon,2006,91.753
Cameroon,2007,89.682
Cameroon,2008,56.576
Cameroon,2009,130.47
Cameroon,2010,54.233
Cameroon,2011,80.717
Cameroon,2012,72.901
Cameroon,2013,65.131
Cameroon,2014,82.227
Cameroon,2015,75.607
Cameroon,2016,81.2
Cameroon,2017,83.593
Cameroon,2018,88.888
Cameroon,2019,86.396
Cameroon,2020,101.578
Cameroon,2021,40.311
Cameroon,2022,32.279
Cameroon,2023,65.532
Canada,2000,1696.622
Canada,2001,1774.974
Canada,2002,1970.68
Canada,2003,2242.155
Canada,2004,2610.531
Canada,2005,3261.616
Canada,2006,3286.69
Canada,2007,4567.022
Canada,2008,4859.142
Canada,2009,4662.098
Canada,2010,5290.454
Canada,2011,5557.757
Canada,2012,5629.383
Canada,2013,5702.5
Canada,2014,5948.213
Canada,2015,5114.158
Canada,2016,5255.722
Canada,2017,6482.765
Canada,2018,7578.422
Canada,2019,8763.218
Canada,2020,7458.003
Canada,2021,8156.966
Canada,2022,8328.01
Canada,2023,8593.39
Cayman Islands,2000,0.0
Cayman Islands,2001,0.0
Cayman Islands,2002,0.0
Cayman Islands,2003,0.0
Cayman Islands,2004,0.0
Cayman Islands,2005,0.0
Cayman Islands,2006,0.0
Cayman Islands,2007,0.0
Cayman Islands,2008,0.0
Cayman Islands,2009,0.0
Cayman Islands,2010,0.0
Cayman Islands,2011,0.0
Cayman Islands,2012,0.0
Cayman Islands,2013,0.0
Cayman Islands,2014,0.0
Cayman Islands,2015,0.0
Cayman Islands,2016,371.2
Cayman Islands,2017,395.035
Cayman Islands,2018,449.069
Cayman Islands,2019,501.071
Cayman Islands,2020,492.116
Cayman Islands,2021,512.224
Cayman Islands,2022,0.0
Cayman Islands,2023,0.0
Central African Republic,2000,0.0
Central African Republic,2001,0.0
Central African Republic,2002,0.0
Central African Republic,2003,0.0
Central African Republic,2004,0.0
Central African Republic,2005,0.0
Central African Republic,2006,0.0
Central African Republic,2007,0.0
Central African Republic,2008,0.0
Central African Republic,2009,0.0
Central African Republic,2010,0.0
Central African Republic,2011,0.0
Central African Republic,2012,0.0
Central African Republic,2013,0.0
Central African Republic,2014,0.0
Central African Republic,2015,0.0
Central African Republic,2016,0.0
Central African Republic,2017,0.0
Central African Republic,2018,0.0
Central African Republic,2019,0.0
Central African Republic,2020,0.0
Central African Republic,2021,0.0
Central African Republic,2022,0.0
Central African Republic,2023,0.0
Chad,2000,0.0
Chad,2001,0.0
Chad,2002,0.0
Chad,2003,0.0
Chad,2004,0.0
Chad,2005,0.0
Chad,2006,0.0
Chad,2007,0.0
Chad,2008,0.0
Chad,2009,0.0
Chad,2010,0.0
Chad,2011,0.0
Chad,2012,0.0
Chad,2013,0.0
Chad,2014,0.0
Chad,2015,0.0
Chad,2016,0.0
Chad,2017,0.0
Chad,2018,0.0
Chad,2019,0.0
Chad,2020,0.0
Chad,2021,0.0
Chad,2022,0.0
Chad,2023,0.0
Chile,2000,15.6
Chile,2001,15.7
Chile,2002,15.9
Chile,2003,3.5
Chile,2004,3.6
Chile,2005,3.2
Chile,2006,3.2
Chile,2007,3.2
Chile,2008,3.2
Chile,2009,103.94
Chile,2010,148.789
Chile,2011,177.089
Chile,2012,237.627
Chile,2013,310.105
Chile,2014,304.435
Chile,2015,386.477
Chile,2016,345.594
Chile,2017,492.037
Chile,2018,623.866
Chile,2019,722.743
Chile,2020,615.58
Chile,2021,636.975
Chile,2022,675.622
Chile,2023,681.691
China,2000,754.29
China,2001,936.0
China,2002,1172.943
China,2003,1597.069
China,2004,1997.994
China,2005,1817.4
China,2006,2329.993
China,2007,2493.058
China,2008,2736.391
China,2009,2051.656
China,2010,1455.455
China,2011,1618.147
China,2012,1788.059
China,2013,1714.203
China,2014,4155.302
China,2015,5718.191
China,2016,6210.891
China,2017,16253.287
China,2018,16548.078
China,2019,15135.3
China,2020,18295.889
China,2021,22957.84
China,2022,22156.036
China,2023,20237.49
Colombia,2000,219.2
Colombia,2001,204.463
Colombia,2002,157.548
Colombia,2003,64.953
Colombia,2004,50.533
Colombia,2005,56.161
Colombia,2006,65.527
Colombia,2007,95.057
Colombia,2008,88.292
Colombia,2009,124.475
Colombia,2010,151.326
Colombia,2011,222.952
Colombia,2012,246.243
Colombia,2013,277.97
Colombia,2014,399.082
Colombia,2015,333.683
Colombia,2016,258.625
Colombia,2017,291.727
Colombia,2018,312.664
Colombia,2019,348.173
Colombia,2020,254.085
Colombia,2021,385.718
Colombia,2022,449.51
Colombia,2023,433.333
Comoros,2000,0.0
Comoros,2001,0.0
Comoros,2002,0.0
Comoros,2003,0.212
Comoros,2004,0.316
Comoros,2005,0.4
Comoros,2006,0.408
Comoros,2007,0.456
Comoros,2008,0.667
Comoros,2009,0.594
Comoros,2010,0.787
Comoros,2011,0.895
Comoros,2012,0.826
Comoros,2013,0.0
Comoros,2014,0.982
Comoros,2015,1.061
Comoros,2016,0.921
Comoros,2017,1.929
Comoros,2018,4.709
Comoros,2019,4.661
Comoros,2020,1.064
Comoros,2021,2.992
Comoros,2022,4.45
Comoros,2023,4.0
"Congo, Dem. Rep.",2000,0.0
"Congo, Dem. Rep.",2001,0.0
"Congo, Dem. Rep.",2002,0.0
"Congo, Dem. Rep.",2003,0.0
"Congo, Dem. Rep.",2004,0.0
"Congo, Dem. Rep.",2005,32.3
"Congo, Dem. Rep.",2006,31.5
"Congo, Dem. Rep.",2007,26.4
"Congo, Dem. Rep.",2008,37.4
"Congo, Dem. Rep.",2009,30.9
"Congo, Dem. Rep.",2010,57.2
"Congo, Dem. Rep.",2011,812.6
"Congo, Dem. Rep.",2012,669.746
"Congo, Dem. Rep.",2013,920.032
"Congo, Dem. Rep.",2014,450.678
"Congo, Dem. Rep.",2015,851.177
"Congo, Dem. Rep.",2016,450.361
"Congo, Dem. Rep.",2017,532.463
"Congo, Dem. Rep.",2018,913.82
"Congo, Dem. Rep.",2019,1004.482
"Congo, Dem. Rep.",2020,746.031
"Congo, Dem. Rep.",2021,730.58
"Congo, Dem. Rep.",2022,0.0
"Congo, Dem. Rep.",2023,0.0
"Congo, Rep.",2000,36.627
"Congo, Rep.",2001,31.617
"Congo, Rep.",2002,35.029
"Congo, Rep.",2003,39.317
"Congo, Rep.",2004,49.494
"Congo, Rep.",2005,66.191
"Congo, Rep.",2006,80.777
"Congo, Rep.",2007,58.2
"Congo, Rep.",2008,53.821
"Congo, Rep.",2009,64.353
"Congo, Rep.",2010,69.728
"Congo, Rep.",2011,54.203
"Congo, Rep.",2012,51.111
"Congo, Rep.",2013,56.967
"Congo, Rep.",2014,67.138
"Congo, Rep.",2015,67.671
"Congo, Rep.",2016,401.913
"Congo, Rep.",2017,0.0
"Congo, Rep.",2018,0.0
"Congo, Rep.",2019,48.272
"Congo, Rep.",2020,48.662
"Congo, Rep.",2021,78.324
"Congo, Rep.",2022,0.0
"Congo, Rep.",2023,0.0
Costa Rica,2000,142.4
Costa Rica,2001,140.492
Costa Rica,2002,147.801
Costa Rica,2003,192.017
Costa Rica,2004,191.548
Costa Rica,2005,209.029
Costa Rica,2006,246.343
Costa Rica,2007,271.414
Costa Rica,2008,268.618
Costa Rica,2009,238.598
Costa Rica,2010,259.383
Costa Rica,2011,290.543
Costa Rica,2012,346.035
Costa Rica,2013,402.605
Costa Rica,2014,419.223
Costa Rica,2015,407.784
Costa Rica,2016,416.129
Costa Rica,2017,468.505
Costa Rica,2018,506.693
Costa Rica,2019,528.443
Costa Rica,2020,490.881
Costa Rica,2021,541.463
Costa Rica,2022,561.856
Costa Rica,2023,536.273
Cote d'Ivoire,2000,0.0
Cote d'Ivoire,2001,0.0
Cote d'Ivoire,2002,0.0
Cote d'Ivoire,2003,0.0
Cote d'Ivoire,2004,0.0
Cote d'Ivoire,2005,597.208
Cote d'Ivoire,2006,661.036
Cote d'Ivoire,2007,699.272
Cote d'Ivoire,2008,758.688
Cote d'Ivoire,2009,746.4
Cote d'Ivoire,2010,726.293
Cote d'Ivoire,2011,728.5
Cote d'Ivoire,2012,694.445
Cote d'Ivoire,2013,736.282
Cote d'Ivoire,2014,746.867
Cote d'Ivoire,2015,649.769
Cote d'Ivoire,2016,715.985
Cote d'Ivoire,2017,847.276
Cote d'Ivoire,2018,919.027
Cote d'Ivoire,2019,908.28
Cote d'Ivoire,2020,935.87
Cote d'Ivoire,2021,1011.59
Cote d'Ivoire,2022,1428.226
Cote d'Ivoire,2023,0.0
Croatia,2000,92.1
Croatia,2001,100.426
Croatia,2002,128.417
Croatia,2003,157.681
Croatia,2004,165.317
Croatia,2005,197.046
Croatia,2006,262.223
Croatia,2007,345.285
Croatia,2008,392.884
Croatia,2009,350.237
Croatia,2010,332.844
Croatia,2011,363.442
Croatia,2012,247.44
Croatia,2013,389.949
Croatia,2014,444.511
Croatia,2015,412.762
Croatia,2016,423.743
Croatia,2017,519.663
Croatia,2018,634.927
Croatia,2019,744.357
Croatia,2020,828.601
Croatia,2021,986.395
Croatia,2022,1130.885
Croatia,2023,1519.775
Curacao,2000,0.0
Curacao,2001,0.0
Curacao,2002,0.0
Curacao,2003,0.0
Curacao,2004,0.0
Curacao,2005,0.0
Curacao,2006,0.0
Curacao,2007,0.0
Curacao,2008,0.0
Curacao,2009,0.0
Curacao,2010,0.0
Curacao,2011,132.9
Curacao,2012,135.196
Curacao,2013,117.022
Curacao,2014,121.039
Curacao,2015,130.207
Curacao,2016,127.391
Curacao,2017,141.777
Curacao,2018,140.579
Curacao,2019,131.553
Curacao,2020,121.685
Curacao,2021,118.75
Curacao,2022,132.051
Curacao,2023,133.019
Cyprus,2000,48.2
Cyprus,2001,79.29
Cyprus,2002,107.042
Cyprus,2003,183.92
Cyprus,2004,213.443
Cyprus,2005,240.675
Cyprus,2006,239.605
Cyprus,2007,304.677
Cyprus,2008,814.0
Cyprus,2009,694.826
Cyprus,2010,951.993
Cyprus,2011,895.419
Cyprus,2012,759.752
Cyprus,2013,742.262
Cyprus,2014,790.207
Cyprus,2015,634.53
Cyprus,2016,689.854
Cyprus,2017,776.522
Cyprus,2018,869.951
Cyprus,2019,840.806
Cyprus,2020,863.632
Cyprus,2021,963.287
Cyprus,2022,833.38
Cyprus,2023,983.92
Czechia,2000,602.867
Czechia,2001,711.113
Czechia,2002,892.551
Czechia,2003,1099.906
Czechia,2004,799.5
Czechia,2005,1340.706
Czechia,2006,1677.694
Czechia,2007,2295.809
Czechia,2008,2586.101
Czechia,2009,2044.602
Czechia,2010,1496.982
Czechia,2011,1522.138
Czechia,2012,1334.626
Czechia,2013,1079.199
Czechia,2014,1523.333
Czechia,2015,1376.392
Czechia,2016,1658.605
Czechia,2017,2055.51
Czechia,2018,2786.2
Czechia,2019,3447.07
Czechia,2020,3251.663
Czechia,2021,4069.221
Czechia,2022,3945.535
Czechia,2023,5791.692
Denmark,2000,661.958
Denmark,2001,744.817
Denmark,2002,860.118
Denmark,2003,1029.285
Denmark,2004,1226.177
Denmark,2005,1511.6
Denmark,2006,1775.308
Denmark,2007,3053.89
Denmark,2008,4024.581
Denmark,2009,3390.97
Denmark,2010,2833.343
Denmark,2011,3148.222
Denmark,2012,2979.398
Denmark,2013,3058.995
Denmark,2014,3171.598
Denmark,2015,2781.262
Denmark,2016,2914.43
Denmark,2017,3140.592
Denmark,2018,3392.801
Denmark,2019,3363.423
Denmark,2020,3402.495
Denmark,2021,3724.848
Denmark,2022,3856.175
Denmark,2023,4312.311
Djibouti,2000,1.761
Djibouti,2001,1.778
Djibouti,2002,1.688
Djibouti,2003,4.839
Djibouti,2004,4.67
Djibouti,2005,4.67
Djibouti,2006,4.727
Djibouti,2007,4.698
Djibouti,2008,5.12
Djibouti,2009,5.79
Djibouti,2010,11.619
Djibouti,2011,12.857
Djibouti,2012,12.407
Djibouti,2013,0.0
Djibouti,2014,0.0
Djibouti,2015,0.0
Djibouti,2016,0.0
Djibouti,2017,0.0
Djibouti,2018,0.0
Djibouti,2019,0.0
Djibouti,2020,1.688
Djibouti,2021,1.131
Djibouti,2022,2.0
Djibouti,2023,2.0
Dominica,2000,14.311
Dominica,2001,15.29
Dominica,2002,15.842
Dominica,2003,19.014
Dominica,2004,18.356
Dominica,2005,17.035
Dominica,2006,19.721
Dominica,2007,19.544
Dominica,2008,20.429
Dominica,2009,20.55
Dominica,2010,25.801
Dominica,2011,21.857
Dominica,2012,20.511
Dominica,2013,23.595
Dominica,2014,24.8
Dominica,2015,24.806
Dominica,2016,21.162
Dominica,2017,20.318
Dominica,2018,14.322
Dominica,2019,25.718
Dominica,2020,13.329
Dominica,2021,12.361
Dominica,2022,12.218
Dominica,2023,12.708
Dominican Republic,2000,19.3
Dominican Republic,2001,21.7
Dominican Republic,2002,22.5
Dominican Republic,2003,22.9
Dominican Republic,2004,23.9
Dominican Republic,2005,24.7
Dominican Republic,2006,26.6
Dominican Republic,2007,28.2
Dominican Republic,2008,34.5
Dominican Republic,2009,26.9
Dominican Republic,2010,534.0
Dominican Republic,2011,565.5
Dominican Republic,2012,565.2
Dominican Republic,2013,531.1
Dominican Republic,2014,574.8
Dominican Republic,2015,585.0
Dominican Republic,2016,617.1
Dominican Republic,2017,651.4
Dominican Republic,2018,622.7
Dominican Republic,2019,741.1
Dominican Republic,2020,837.3
Dominican Republic,2021,871.8
Dominican Republic,2022,954.5
Dominican Republic,2023,1060.9
Ecuador,2000,6.0
Ecuador,2001,6.933
Ecuador,2002,7.281
Ecuador,2003,6.505
Ecuador,2004,6.5
Ecuador,2005,54.02
Ecuador,2006,62.456
Ecuador,2007,83.156
Ecuador,2008,65.597
Ecuador,2009,95.348
Ecuador,2010,135.971
Ecuador,2011,148.375
Ecuador,2012,154.049
Ecuador,2013,167.268
Ecuador,2014,195.915
Ecuador,2015,291.534
Ecuador,2016,302.4
Ecuador,2017,371.47
Ecuador,2018,467.445
Ecuador,2019,654.669
Ecuador,2020,518.02
Ecuador,2021,603.966
Ecuador,2022,636.528
Ecuador,2023,707.244
"Egypt, Arab Rep.",2000,32.0
"Egypt, Arab Rep.",2001,34.7
"Egypt, Arab Rep.",2002,14.4
"Egypt, Arab Rep.",2003,79.1
"Egypt, Arab Rep.",2004,12.8
"Egypt, Arab Rep.",2005,57.2
"Egypt, Arab Rep.",2006,135.0
"Egypt, Arab Rep.",2007,179.6
"Egypt, Arab Rep.",2008,241.3
"Egypt, Arab Rep.",2009,254.8
"Egypt, Arab Rep.",2010,304.8
"Egypt, Arab Rep.",2011,292.9
"Egypt, Arab Rep.",2012,292.7
"Egypt, Arab Rep.",2013,354.9
"Egypt, Arab Rep.",2014,351.4
"Egypt, Arab Rep.",2015,622.7
"Egypt, Arab Rep.",2016,352.2
"Egypt, Arab Rep.",2017,270.8
"Egypt, Arab Rep.",2018,514.5
"Egypt, Arab Rep.",2019,471.9
"Egypt, Arab Rep.",2020,444.9
"Egypt, Arab Rep.",2021,442.1
"Egypt, Arab Rep.",2022,395.4
"Egypt, Arab Rep.",2023,334.4
El Salvador,2000,19.2
El Salvador,2001,25.7
El Salvador,2002,21.6
El Salvador,2003,24.3
El Salvador,2004,32.3
El Salvador,2005,24.0
El Salvador,2006,27.98
El Salvador,2007,27.53
El Salvador,2008,18.5
El Salvador,2009,20.033
El Salvador,2010,22.093
El Salvador,2011,27.192
El Salvador,2012,26.897
El Salvador,2013,27.678
El Salvador,2014,51.052
El Salvador,2015,74.34
El Salvador,2016,164.99
El Salvador,2017,187.453
El Salvador,2018,189.761
El Salvador,2019,233.049
El Salvador,2020,186.719
El Salvador,2021,261.313
El Salvador,2022,274.944
El Salvador,2023,260.561
Equatorial Guinea,2000,0.0
Equatorial Guinea,2001,0.0
Equatorial Guinea,2002,0.0
Equatorial Guinea,2003,0.0
Equatorial Guinea,2004,0.0
Equatorial Guinea,2005,0.0
Equatorial Guinea,2006,0.0
Equatorial Guinea,2007,0.0
Equatorial Guinea,2008,0.0
Equatorial Guinea,2009,0.0
Equatorial Guinea,2010,0.0
Equatorial Guinea,2011,0.0
Equatorial Guinea,2012,0.0
Equatorial Guinea,2013,0.0
Equatorial Guinea,2014,0.0
Equatorial Guinea,2015,0.0
Equatorial Guinea,2016,0.0
Equatorial Guinea,2017,0.0
Equatorial Guinea,2018,0.0
Equatorial Guinea,2019,0.0
Equatorial Guinea,2020,0.0
Equatorial Guinea,2021,0.0
Equatorial Guinea,2022,0.0
Equatorial Guinea,2023,0.0
Eritrea,2000,1.31
Eritrea,2001,0.0
Eritrea,2002,0.0
Eritrea,2003,0.0
Eritrea,2004,0.0
Eritrea,2005,0.0
Eritrea,2006,0.0
Eritrea,2007,0.0
Eritrea,2008,0.0
Eritrea,2009,0.0
Eritrea,2010,0.0
Eritrea,2011,0.0
Eritrea,2012,0.0
Eritrea,2013,0.0
Eritrea,2014,0.0
Eritrea,2015,0.0
Eritrea,2016,0.0
Eritrea,2017,0.0
Eritrea,2018,0.0
Eritrea,2019,0.0
Eritrea,2020,0.0
Eritrea,2021,0.0
Eritrea,2022,0.0
Eritrea,2023,0.0
Estonia,2000,3.038
Estonia,2001,2.237
Estonia,2002,4.759
Estonia,2003,16.4
Estonia,2004,25.31
Estonia,2005,49.19
Estonia,2006,73.831
Estonia,2007,90.857
Estonia,2008,127.905
Estonia,2009,92.426
Estonia,2010,123.28
Estonia,2011,113.541
Estonia,2012,113.165
Estonia,2013,100.293
Estonia,2014,113.887
Estonia,2015,93.682
Estonia,2016,121.868
Estonia,2017,150.958
Estonia,2018,234.338
Estonia,2019,249.205
Estonia,2020,244.605
Estonia,2021,285.999
Estonia,2022,332.274
Estonia,2023,295.464
Eswatini,2000,20.743
Eswatini,2001,26.488
Eswatini,2002,21.147
Eswatini,2003,38.856
Eswatini,2004,4.103
Eswatini,2005,7.977
Eswatini,2006,16.586
Eswatini,2007,7.862
Eswatini,2008,6.34
Eswatini,2009,10.725
Eswatini,2010,11.692
Eswatini,2011,27.8
Eswatini,2012,49.548
Eswatini,2013,27.141
Eswatini,2014,17.502
Eswatini,2015,19.331
Eswatini,2016,18.85
Eswatini,2017,19.467
Eswatini,2018,24.234
Eswatini,2019,26.891
Eswatini,2020,24.421
Eswatini,2021,40.6
Eswatini,2022,40.562
Eswatini,2023,0.0
Ethiopia,2000,12.557
Ethiopia,2001,14.023
Ethiopia,2002,16.578
Ethiopia,2003,17.267
Ethiopia,2004,9.224
Ethiopia,2005,16.4
Ethiopia,2006,14.131
Ethiopia,2007,14.568
Ethiopia,2008,21.304
Ethiopia,2009,26.55
Ethiopia,2010,46.967
Ethiopia,2011,21.832
Ethiopia,2012,19.882
Ethiopia,2013,23.077
Ethiopia,2014,14.253
Ethiopia,2015,14.438
Ethiopia,2016,29.87
Ethiopia,2017,12.462
Ethiopia,2018,8.689
Ethiopia,2019,19.08
Ethiopia,2020,17.08
Ethiopia,2021,14.213
Ethiopia,2022,20.499
Ethiopia,2023,47.118
Faroe Islands,2000,5.74
Faroe Islands,2001,13.41
Faroe Islands,2002,9.64
Faroe Islands,2003,5.11
Faroe Islands,2004,5.334
Faroe Islands,2005,18.335
Faroe Islands,2006,23.418
Faroe Islands,2007,33.371
Faroe Islands,2008,41.018
Faroe Islands,2009,31.363
Faroe Islands,2010,31.029
Faroe Islands,2011,34.404
Faroe Islands,2012,0.0
Faroe Islands,2013,0.0
Faroe Islands,2014,0.0
Faroe Islands,2015,0.0
Faroe Islands,2016,0.0
Faroe Islands,2017,0.0
Faroe Islands,2018,0.0
Faroe Islands,2019,0.0
Faroe Islands,2020,0.0
Faroe Islands,2021,0.0
Faroe Islands,2022,0.0
Faroe Islands,2023,0.0
Fiji,2000,2.219
Fiji,2001,3.815
Fiji,2002,3.893
Fiji,2003,3.828
Fiji,2004,16.143
Fiji,2005,7.9
Fiji,2006,9.76
Fiji,2007,9.143
Fiji,2008,12.871
Fiji,2009,7.159
Fiji,2010,9.631
Fiji,2011,10.534
Fiji,2012,8.226
Fiji,2013,8.469
Fiji,2014,10.66
Fiji,2015,9.666
Fiji,2016,13.015
Fiji,2017,14.917
Fiji,2018,15.73
Fiji,2019,11.256
Fiji,2020,7.445
Fiji,2021,12.192
Fiji,2022,13.57
Fiji,2023,15.089
Finland,2000,99.716
Finland,2001,96.711
Finland,2002,113.507
Finland,2003,149.16
Finland,2004,224.875
Finland,2005,266.2
Finland,2006,436.847
Finland,2007,553.323
Finland,2008,684.992
Finland,2009,686.712
Finland,2010,720.832
Finland,2011,445.21
Finland,2012,774.449
Finland,2013,1084.976
Finland,2014,1015.369
Finland,2015,927.659
Finland,2016,882.181
Finland,2017,997.504
Finland,2018,1011.154
Finland,2019,973.763
Finland,2020,927.12
Finland,2021,986.363
Finland,2022,1002.956
Finland,2023,1012.574
France,2000,5120.658
France,2001,5384.61
France,2002,6134.108
France,2003,7721.67
France,2004,9094.684
France,2005,9470.052
France,2006,10285.441
France,2007,11945.214
France,2008,13269.363
France,2009,11766.845
France,2010,12026.06
France,2011,12857.523
France,2012,12561.16
France,2013,13424.774
France,2014,13729.85
France,2015,12791.55
France,2016,13284.456
France,2017,13798.96
France,2018,15022.558
France,2019,15041.212
France,2020,14833.738
France,2021,16682.763
France,2022,15267.43
France,2023,15866.273
French Polynesia,2000,0.0
French Polynesia,2001,0.0
French Polynesia,2002,61.35
French Polynesia,2003,51.394
French Polynesia,2004,46.147
French Polynesia,2005,46.971
French Polynesia,2006,50.934
French Polynesia,2007,55.731
French Polynesia,2008,69.5
French Polynesia,2009,64.302
French Polynesia,2010,70.548
French Polynesia,2011,55.748
French Polynesia,2012,58.215
French Polynesia,2013,46.296
French Polynesia,2014,16.545
French Polynesia,2015,9.522
French Polynesia,2016,22.659
French Polynesia,2017,0.0
French Polynesia,2018,0.0
French Polynesia,2019,0.0
French Polynesia,2020,0.0
French Polynesia,2021,0.0
French Polynesia,2022,0.0
French Polynesia,2023,0.0
Gabon,2000,77.58
Gabon,2001,95.901
Gabon,2002,96.449
Gabon,2003,115.157
Gabon,2004,110.298
Gabon,2005,185.594
Gabon,2006,0.0
Gabon,2007,154.763
Gabon,2008,277.656
Gabon,2009,253.478
Gabon,2010,159.042
Gabon,2011,239.379
Gabon,2012,355.744
Gabon,2013,250.455
Gabon,2014,280.695
Gabon,2015,121.711
Gabon,2016,0.0
Gabon,2017,0.0
Gabon,2018,0.0
Gabon,2019,0.0
Gabon,2020,0.0
Gabon,2021,0.0
Gabon,2022,0.0
Gabon,2023,0.0
"Gambia, The",2000,0.0
"Gambia, The",2001,0.0
"Gambia, The",2002,0.0
"Gambia, The",2003,0.526
"Gambia, The",2004,0.522
"Gambia, The",2005,0.743
"Gambia, The",2006,0.947
"Gambia, The",2007,14.641
"Gambia, The",2008,3.185
"Gambia, The",2009,8.412
"Gambia, The",2010,58.119
"Gambia, The",2011,91.363
"Gambia, The",2012,66.136
"Gambia, The",2013,69.585
"Gambia, The",2014,25.236
"Gambia, The",2015,20.5
"Gambia, The",2016,17.797
"Gambia, The",2017,18.174
"Gambia, The",2018,19.007
"Gambia, The",2019,18.926
"Gambia, The",2020,18.308
"Gambia, The",2021,26.837
"Gambia, The",2022,21.149
"Gambia, The",2023,38.975
Georgia,2000,21.0
Georgia,2001,19.835
Georgia,2002,18.912
Georgia,2003,22.165
Georgia,2004,23.869
Georgia,2005,27.107
Georgia,2006,26.741
Georgia,2007,31.699
Georgia,2008,50.98
Georgia,2009,33.609
Georgia,2010,55.132
Georgia,2011,76.8
Georgia,2012,86.732
Georgia,2013,87.714
Georgia,2014,86.131
Georgia,2015,95.862
Georgia,2016,100.492
Georgia,2017,122.154
Georgia,2018,151.15
Georgia,2019,169.884
Georgia,2020,76.895
Georgia,2021,106.327
Georgia,2022,290.326
Georgia,2023,324.455
Germany,2000,8662.857
Germany,2001,9184.539
Germany,2002,10126.521
Germany,2003,11566.286
Germany,2004,12607.398
Germany,2005,12705.662
Germany,2006,12705.044
Germany,2007,14079.162
Germany,2008,15236.464
Germany,2009,15336.344
Germany,2010,14682.106
Germany,2011,16125.581
Germany,2012,15581.429
Germany,2013,19976.706
Germany,2014,15463.162
Germany,2015,14320.879
Germany,2016,14685.624
Germany,2017,16466.278
Germany,2018,18075.496
Germany,2019,17778.354
Germany,2020,19906.133
Germany,2021,22398.125
Germany,2022,23086.729
Germany,2023,24054.881
Ghana,2000,6.09
Ghana,2001,6.399
Ghana,2002,0.0
Ghana,2003,0.0
Ghana,2004,0.0
Ghana,2005,0.0
Ghana,2006,0.0
Ghana,2007,0.0
Ghana,2008,0.0
Ghana,2009,0.0
Ghana,2010,0.0
Ghana,2011,0.0
Ghana,2012,7.99
Ghana,2013,4.84
Ghana,2014,8.942
Ghana,2015,2607.106
Ghana,2016,1548.91
Ghana,2017,1112.21
Ghana,2018,956.248
Ghana,2019,667.263
Ghana,2020,727.201
Ghana,2021,812.832
Ghana,2022,952.669
Ghana,2023,0.0
Greece,2000,545.1
Greece,2001,536.153
Greece,2002,411.734
Greece,2003,379.475
Greece,2004,496.955
Greece,2005,902.051
Greece,2006,982.316
Greece,2007,1459.483
Greece,2008,1912.067
Greece,2009,1844.5
Greece,2010,1931.819
Greece,2011,1941.807
Greece,2012,1437.386
Greece,2013,1291.061
Greece,2014,1424.499
Greece,2015,1870.201
Greece,2016,1800.319
Greece,2017,2083.355
Greece,2018,2287.129
Greece,2019,2666.198
Greece,2020,2725.263
Greece,2021,2937.564
Greece,2022,2937.324
Greece,2023,2983.149
Grenada,2000,18.553
Grenada,2001,19.569
Grenada,2002,19.955
Grenada,2003,21.632
Grenada,2004,22.626
Grenada,2005,26.057
Grenada,2006,26.736
Grenada,2007,32.032
Grenada,2008,37.104
Grenada,2009,35.945
Grenada,2010,36.089
Grenada,2011,37.982
Grenada,2012,39.392
Grenada,2013,41.54
Grenada,2014,43.7
Grenada,2015,47.65
Grenada,2016,47.841
Grenada,2017,52.199
Grenada,2018,54.507
Grenada,2019,55.66
Grenada,2020,49.67
Grenada,2021,50.335
Grenada,2022,49.749
Grenada,2023,55.436
Guatemala,2000,55.6
Guatemala,2001,32.488
Guatemala,2002,81.923
Guatemala,2003,86.086
Guatemala,2004,33.7
Guatemala,2005,42.1
Guatemala,2006,45.5
Guatemala,2007,16.9
Guatemala,2008,26.5
Guatemala,2009,21.977
Guatemala,2010,20.762
Guatemala,2011,26.791
Guatemala,2012,27.905
Guatemala,2013,27.746
Guatemala,2014,26.126
Guatemala,2015,22.906
Guatemala,2016,18.786
Guatemala,2017,18.334
Guatemala,2018,18.91
Guatemala,2019,18.008
Guatemala,2020,18.665
Guatemala,2021,19.968
Guatemala,2022,23.852
Guatemala,2023,28.297
Guinea,2000,26.911
Guinea,2001,36.833
Guinea,2002,17.81
Guinea,2003,46.376
Guinea,2004,47.95
Guinea,2005,59.86
Guinea,2006,51.6
Guinea,2007,38.96
Guinea,2008,55.51
Guinea,2009,44.9
Guinea,2010,40.98
Guinea,2011,38.81
Guinea,2012,50.72
Guinea,2013,80.68
Guinea,2014,35.858
Guinea,2015,25.7
Guinea,2016,33.871
Guinea,2017,27.78
Guinea,2018,22.89
Guinea,2019,82.69
Guinea,2020,22.62
Guinea,2021,43.55
Guinea,2022,134.926
Guinea,2023,89.213
Guinea-Bissau,2000,0.0
Guinea-Bissau,2001,0.0
Guinea-Bissau,2002,5.416
Guinea-Bissau,2003,6.488
Guinea-Bissau,2004,5.374
Guinea-Bissau,2005,5.352
Guinea-Bissau,2006,4.322
Guinea-Bissau,2007,4.4
Guinea-Bissau,2008,16.75
Guinea-Bissau,2009,20.19
Guinea-Bissau,2010,19.65
Guinea-Bissau,2011,29.958
Guinea-Bissau,2012,24.965
Guinea-Bissau,2013,34.545
Guinea-Bissau,2014,36.524
Guinea-Bissau,2015,38.407
Guinea-Bissau,2016,39.78
Guinea-Bissau,2017,48.288
Guinea-Bissau,2018,56.715
Guinea-Bissau,2019,98.052
Guinea-Bissau,2020,78.641
Guinea-Bissau,2021,89.263
Guinea-Bissau,2022,78.747
Guinea-Bissau,2023,0.0
Guyana,2000,27.4
Guyana,2001,24.1
Guyana,2002,53.1
Guyana,2003,50.4
Guyana,2004,80.627
Guyana,2005,54.806
Guyana,2006,48.429
Guyana,2007,61.144
Guyana,2008,72.154
Guyana,2009,85.625
Guyana,2010,128.12
Guyana,2011,138.27
Guyana,2012,183.688
Guyana,2013,122.837
Guyana,2014,122.23
Guyana,2015,132.0
Guyana,2016,137.963
Guyana,2017,139.332
Guyana,2018,142.391
Guyana,2019,149.061
Guyana,2020,130.319
Guyana,2021,196.705
Guyana,2022,153.418
Guyana,2023,214.594
Haiti,2000,11.0
Haiti,2001,19.34
Haiti,2002,22.0
Haiti,2003,31.35
Haiti,2004,38.52
Haiti,2005,59.686
Haiti,2006,75.515
Haiti,2007,96.408
Haiti,2008,117.08
Haiti,2009,134.824
Haiti,2010,166.979
Haiti,2011,240.237
Haiti,2012,231.924
Haiti,2013,247.694
Haiti,2014,248.597
Haiti,2015,247.298
Haiti,2016,266.34
Haiti,2017,297.71
Haiti,2018,309.403
Haiti,2019,284.975
Haiti,2020,549.483
Haiti,2021,678.499
Haiti,2022,725.386
Haiti,2023,0.0
Honduras,2000,9.4
Honduras,2001,11.5
Honduras,2002,10.9
Honduras,2003,12.005
Honduras,2004,16.635
Honduras,2005,0.484
Honduras,2006,2.122
Honduras,2007,2.487
Honduras,2008,36.95
Honduras,2009,27.188
Honduras,2010,27.285
Honduras,2011,32.975
Honduras,2012,36.432
Honduras,2013,40.938
Honduras,2014,42.1
Honduras,2015,41.1
Honduras,2016,41.1
Honduras,2017,261.149
Honduras,2018,288.137
Honduras,2019,329.933
Honduras,2020,291.71
Honduras,2021,343.863
Honduras,2022,338.519
Honduras,2023,339.201
"Hong Kong SAR, China",2000,225.385
"Hong Kong SAR, China",2001,308.511
"Hong Kong SAR, China",2002,298.888
"Hong Kong SAR, China",2003,317.207
"Hong Kong SAR, China",2004,320.621
"Hong Kong SAR, China",2005,348.087
"Hong Kong SAR, China",2006,376.551
"Hong Kong SAR, China",2007,387.625
"Hong Kong SAR, China",2008,393.107
"Hong Kong SAR, China",2009,413.326
"Hong Kong SAR, China",2010,482.937
"Hong Kong SAR, China",2011,554.345
"Hong Kong SAR, China",2012,607.119
"Hong Kong SAR, China",2013,656.398
"Hong Kong SAR, China",2014,711.499
"Hong Kong SAR, China",2015,758.671
"Hong Kong SAR, China",2016,816.526
"Hong Kong SAR, China",2017,875.473
"Hong Kong SAR, China",2018,933.973
"Hong Kong SAR, China",2019,997.216
"Hong Kong SAR, China",2020,908.546
"Hong Kong SAR, China",2021,905.016
"Hong Kong SAR, China",2022,901.371
"Hong Kong SAR, China",2023,981.86
Hungary,2000,301.29
Hungary,2001,314.975
Hungary,2002,391.634
Hungary,2003,483.626
Hungary,2004,581.762
Hungary,2005,697.44
Hungary,2006,797.907
Hungary,2007,999.775
Hungary,2008,1119.427
Hungary,2009,896.316
Hungary,2010,859.892
Hungary,2011,913.932
Hungary,2012,863.097
Hungary,2013,858.481
Hungary,2014,868.845
Hungary,2015,676.852
Hungary,2016,782.106
Hungary,2017,863.353
Hungary,2018,1093.918
Hungary,2019,1381.119
Hungary,2020,1255.089
Hungary,2021,1310.278
Hungary,2022,1204.091
Hungary,2023,1424.885
Iceland,2000,23.396
Iceland,2001,14.3
Iceland,2002,20.675
Iceland,2003,19.337
Iceland,2004,28.353
Iceland,2005,54.426
Iceland,2006,81.592
Iceland,2007,114.803
Iceland,2008,100.763
Iceland,2009,68.068
Iceland,2010,67.194
Iceland,2011,72.738
Iceland,2012,65.984
Iceland,2013,72.582
Iceland,2014,95.087
Iceland,2015,84.516
Iceland,2016,139.958
Iceland,2017,325.296
Iceland,2018,356.217
Iceland,2019,376.636
Iceland,2020,291.008
Iceland,2021,322.573
Iceland,2022,352.847
Iceland,2023,451.747
India,2000,486.142
India,2001,751.085
India,2002,1186.8
India,2003,1265.42
India,2004,1652.783
India,2005,1348.283
India,2006,1561.865
India,2007,2059.331
India,2008,3812.364
India,2009,2890.0
India,2010,3828.678
India,2011,4077.745
India,2012,4963.082
India,2013,6431.771
India,2014,6221.786
India,2015,4882.832
India,2016,5622.637
India,2017,6958.93
India,2018,6781.571
India,2019,7531.59
India,2020,7010.825
India,2021,8181.398
India,2022,10088.812
India,2023,12359.065
Indonesia,2000,0.0
Indonesia,2001,0.0
Indonesia,2002,0.0
Indonesia,2003,0.0
Indonesia,2004,913.222
Indonesia,2005,1178.916
Indonesia,2006,1359.066
Indonesia,2007,1654.25
Indonesia,2008,1971.468
Indonesia,2009,2701.592
Indonesia,2010,2840.0
Indonesia,2011,3163.74
Indonesia,2012,3633.613
Indonesia,2013,3951.109
Indonesia,2014,4119.082
Indonesia,2015,4605.139
Indonesia,2016,5150.594
Indonesia,2017,5177.356
Indonesia,2018,5148.052
Indonesia,2019,5070.875
Indonesia,2020,4546.94
Indonesia,2021,4343.383
Indonesia,2022,7947.568
Indonesia,2023,9780.345
"Iran, Islamic Rep.",2000,0.0
"Iran, Islamic Rep.",2001,0.0
"Iran, Islamic Rep.",2002,0.0
"Iran, Islamic Rep.",2003,0.0
"Iran, Islamic Rep.",2004,0.0
"Iran, Islamic Rep.",2005,0.0
"Iran, Islamic Rep.",2006,0.0
"Iran, Islamic Rep.",2007,0.0
"Iran, Islamic Rep.",2008,0.0
"Iran, Islamic Rep.",2009,0.0
"Iran, Islamic Rep.",2010,0.0
"Iran, Islamic Rep.",2011,0.0
"Iran, Islamic Rep.",2012,0.0
"Iran, Islamic Rep.",2013,0.0
"Iran, Islamic Rep.",2014,0.0
"Iran, Islamic Rep.",2015,0.0
"Iran, Islamic Rep.",2016,0.0
"Iran, Islamic Rep.",2017,0.0
"Iran, Islamic Rep.",2018,0.0
"Iran, Islamic Rep.",2019,0.0
"Iran, Islamic Rep.",2020,0.0
"Iran, Islamic Rep.",2021,0.0
"Iran, Islamic Rep.",2022,0.0
"Iran, Islamic Rep.",2023,0.0
Iraq,2000,0.0
Iraq,2001,0.0
Iraq,2002,0.0
Iraq,2003,0.0
Iraq,2004,0.0
Iraq,2005,82.5
Iraq,2006,781.3
Iraq,2007,17.3
Iraq,2008,31.4
Iraq,2009,26.7
Iraq,2010,48.4
Iraq,2011,78.0
Iraq,2012,548.0
Iraq,2013,484.0
Iraq,2014,599.3
Iraq,2015,539.3
Iraq,2016,349.6
Iraq,2017,396.2
Iraq,2018,499.7
Iraq,2019,664.3
Iraq,2020,580.7
Iraq,2021,852.4
Iraq,2022,633.0
Iraq,2023,0.0
Ireland,2000,0.0
Ireland,2001,0.0
Ireland,2002,0.0
Ireland,2003,0.0
Ireland,2004,0.0
Ireland,2005,1440.042
Ireland,2006,1853.313
Ireland,2007,2519.897
Ireland,2008,2672.747
Ireland,2009,2550.787
Ireland,2010,2266.001
Ireland,2011,2194.956
Ireland,2012,954.421
Ireland,2013,909.845
Ireland,2014,934.1
Ireland,2015,703.548
Ireland,2016,694.032
Ireland,2017,1613.258
Ireland,2018,725.123
Ireland,2019,754.35
Ireland,2020,623.776
Ireland,2021,535.745
Ireland,2022,2131.674
Ireland,2023,2318.304
Israel,2000,3255.1
Israel,2001,3038.7
Israel,2002,2780.5
Israel,2003,2501.9
Israel,2004,2217.8
Israel,2005,2205.6
Israel,2006,2381.2
Israel,2007,2824.0
Israel,2008,3679.4
Israel,2009,3464.5
Israel,2010,3768.5
Israel,2011,4251.0
Israel,2012,4220.0
Israel,2013,4837.3
Israel,2014,4836.6
Israel,2015,4732.7
Israel,2016,5004.1
Israel,2017,5873.1
Israel,2018,5902.4
Israel,2019,5909.5
Israel,2020,5549.9
Israel,2021,6543.8
Israel,2022,7613.9
Israel,2023,6356.7
Italy,2000,1945.138
Italy,2001,1897.127
Italy,2002,2062.458
Italy,2003,2513.532
Italy,2004,2688.636
Italy,2005,2587.679
Italy,2006,2463.936
Italy,2007,2870.257
Italy,2008,14445.4
Italy,2009,14402.099
Italy,2010,12882.879
Italy,2011,14509.943
Italy,2012,11821.288
Italy,2013,11565.683
Italy,2014,11135.812
Italy,2015,8860.397
Italy,2016,8677.587
Italy,2017,8841.573
Italy,2018,9906.852
Italy,2019,9577.333
Italy,2020,10194.687
Italy,2021,12286.887
Italy,2022,11587.287
Italy,2023,12226.625
Jamaica,2000,152.0
Jamaica,2001,179.4
Jamaica,2002,242.3
Jamaica,2003,322.2
Jamaica,2004,390.894
Jamaica,2005,368.742
Jamaica,2006,357.927
Jamaica,2007,396.183
Jamaica,2008,364.617
Jamaica,2009,268.998
Jamaica,2010,279.31
Jamaica,2011,305.4
Jamaica,2012,333.541
Jamaica,2013,297.426
Jamaica,2014,275.082
Jamaica,2015,287.14
Jamaica,2016,298.112
Jamaica,2017,313.969
Jamaica,2018,309.111
Jamaica,2019,324.883
Jamaica,2020,306.276
Jamaica,2021,346.665
Jamaica,2022,363.448
Jamaica,2023,346.079
Japan,2000,2530.781
Japan,2001,2345.078
Japan,2002,2678.81
Japan,2003,1504.285
Japan,2004,1212.183
Japan,2005,1149.537
Japan,2006,3332.165
Japan,2007,3639.372
Japan,2008,4548.088
Japan,2009,3932.046
Japan,2010,4365.715
Japan,2011,4536.17
Japan,2012,4042.571
Japan,2013,2872.331
Japan,2014,4214.762
Japan,2015,4000.341
Japan,2016,5066.87
Japan,2017,5282.863
Japan,2018,6150.518
Japan,2019,6827.885
Japan,2020,8245.33
Japan,2021,6133.594
Japan,2022,4529.699
Japan,2023,5933.845
Jordan,2000,197.461
Jordan,2001,193.235
Jordan,2002,193.935
Jordan,2003,226.939
Jordan,2004,272.073
Jordan,2005,349.224
Jordan,2006,401.551
Jordan,2007,479.267
Jordan,2008,471.779
Jordan,2009,502.254
Jordan,2010,605.3
Jordan,2011,549.859
Jordan,2012,684.789
Jordan,2013,534.93
Jordan,2014,675.211
Jordan,2015,596.761
Jordan,2016,570.0
Jordan,2017,672.817
Jordan,2018,637.183
Jordan,2019,574.789
Jordan,2020,393.099
Jordan,2021,531.972
Jordan,2022,522.254
Jordan,2023,0.0
Kazakhstan,2000,121.5
Kazakhstan,2001,203.146
Kazakhstan,2002,364.818
Kazakhstan,2003,650.85
Kazakhstan,2004,1219.484
Kazakhstan,2005,1893.132
Kazakhstan,2006,2958.485
Kazakhstan,2007,4212.277
Kazakhstan,2008,3461.672
Kazakhstan,2009,2934.061
Kazakhstan,2010,3005.775
Kazakhstan,2011,3409.436
Kazakhstan,2012,3432.44
Kazakhstan,2013,3386.494
Kazakhstan,2014,3457.352
Kazakhstan,2015,3181.476
Kazakhstan,2016,2396.148
Kazakhstan,2017,2690.697
Kazakhstan,2018,2680.081
Kazakhstan,2019,2660.17
Kazakhstan,2020,2080.835
Kazakhstan,2021,2584.576
Kazakhstan,2022,2373.101
Kazakhstan,2023,2379.623
Kenya,2000,0.0
Kenya,2001,5.091
Kenya,2002,5.714
Kenya,2003,6.585
Kenya,2004,34.023
Kenya,2005,56.409
Kenya,2006,25.399
Kenya,2007,16.365
Kenya,2008,64.495
Kenya,2009,60.804
Kenya,2010,19.104
Kenya,2011,25.9
Kenya,2012,14.509
Kenya,2013,16.198
Kenya,2014,170.953
Kenya,2015,35.051
Kenya,2016,17.908
Kenya,2017,20.214
Kenya,2018,10.73
Kenya,2019,2.564
Kenya,2020,8.394
Kenya,2021,8.974
Kenya,2022,11.426
Kenya,2023,0.0
Kiribati,2000,0.0
Kiribati,2001,0.0
Kiribati,2002,0.0
Kiribati,2003,0.0
Kiribati,2004,0.0
Kiribati,2005,0.0
Kiribati,2006,0.1
Kiribati,2007,0.545
Kiribati,2008,0.635
Kiribati,2009,0.557
Kiribati,2010,1.031
Kiribati,2011,1.201
Kiribati,2012,1.216
Kiribati,2013,1.284
Kiribati,2014,1.25
Kiribati,2015,1.028
Kiribati,2016,1.035
Kiribati,2017,1.071
Kiribati,2018,1.079
Kiribati,2019,1.03
Kiribati,2020,1.056
Kiribati,2021,1.199
Kiribati,2022,1.108
Kiribati,2023,0.0
"Korea, Rep.",2000,3640.4
"Korea, Rep.",2001,4486.5
"Korea, Rep.",2002,5862.2
"Korea, Rep.",2003,6806.1
"Korea, Rep.",2004,6930.9
"Korea, Rep.",2005,6898.8
"Korea, Rep.",2006,7462.8
"Korea, Rep.",2007,8019.3
"Korea, Rep.",2008,7884.6
"Korea, Rep.",2009,7491.9
"Korea, Rep.",2010,9544.2
"Korea, Rep.",2011,9979.8
"Korea, Rep.",2012,9756.1
"Korea, Rep.",2013,9402.6
"Korea, Rep.",2014,9977.6
"Korea, Rep.",2015,8719.5
"Korea, Rep.",2016,10784.3
"Korea, Rep.",2017,12888.0
"Korea, Rep.",2018,13530.6
"Korea, Rep.",2019,11231.6
"Korea, Rep.",2020,9684.0
"Korea, Rep.",2021,10338.9
"Korea, Rep.",2022,8568.6
"Korea, Rep.",2023,10332.1
Kosovo,2000,0.0
Kosovo,2001,0.0
Kosovo,2002,0.0
Kosovo,2003,0.0
Kosovo,2004,172.342
Kosovo,2005,161.866
Kosovo,2006,120.048
Kosovo,2007,96.115
Kosovo,2008,127.064
Kosovo,2009,155.674
Kosovo,2010,127.121
Kosovo,2011,151.105
Kosovo,2012,117.999
Kosovo,2013,106.3
Kosovo,2014,99.796
Kosovo,2015,68.396
Kosovo,2016,66.755
Kosovo,2017,61.995
Kosovo,2018,58.959
Kosovo,2019,42.016
Kosovo,2020,49.721
Kosovo,2021,53.003
Kosovo,2022,60.712
Kosovo,2023,65.151
Kuwait,2000,1734.302
Kuwait,2001,1784.913
Kuwait,2002,1925.543
Kuwait,2003,2143.877
Kuwait,2004,2404.479
Kuwait,2005,2647.603
Kuwait,2006,3183.238
Kuwait,2007,9763.771
Kuwait,2008,10322.571
Kuwait,2009,11749.2
Kuwait,2010,11864.004
Kuwait,2011,13012.206
Kuwait,2012,15459.199
Kuwait,2013,17711.481
Kuwait,2014,18128.476
Kuwait,2015,15202.536
Kuwait,2016,15287.57
Kuwait,2017,13760.109
Kuwait,2018,14346.862
Kuwait,2019,18855.162
Kuwait,2020,17357.178
Kuwait,2021,18468.104
Kuwait,2022,17744.092
Kuwait,2023,12679.515
Kyrgyz Republic,2000,11.17
Kyrgyz Republic,2001,13.344
Kyrgyz Republic,2002,14.37
Kyrgyz Republic,2003,18.427
Kyrgyz Republic,2004,29.583
Kyrgyz Republic,2005,53.275
Kyrgyz Republic,2006,68.114
Kyrgyz Republic,2007,90.495
Kyrgyz Republic,2008,100.559
Kyrgyz Republic,2009,107.496
Kyrgyz Republic,2010,167.8
Kyrgyz Republic,2011,227.621
Kyrgyz Republic,2012,285.908
Kyrgyz Republic,2013,389.513
Kyrgyz Republic,2014,453.942
Kyrgyz Republic,2015,362.555
Kyrgyz Republic,2016,377.876
Kyrgyz Republic,2017,476.119
Kyrgyz Republic,2018,560.492
Kyrgyz Republic,2019,573.92
Kyrgyz Republic,2020,505.591
Kyrgyz Republic,2021,584.525
Kyrgyz Republic,2022,1223.92
Kyrgyz Republic,2023,564.824
Lao PDR,2000,0.44
Lao PDR,2001,0.463
Lao PDR,2002,0.486
Lao PDR,2003,0.997
Lao PDR,2004,0.8
Lao PDR,2005,0.84
Lao PDR,2006,5.411
Lao PDR,2007,6.0
Lao PDR,2008,9.361
Lao PDR,2009,22.37
Lao PDR,2010,19.315
Lao PDR,2011,75.643
Lao PDR,2012,70.2
Lao PDR,2013,68.704
Lao PDR,2014,54.165
Lao PDR,2015,43.338
Lao PDR,2016,39.476
Lao PDR,2017,103.059
Lao PDR,2018,123.785
Lao PDR,2019,106.034
Lao PDR,2020,96.285
Lao PDR,2021,126.894
Lao PDR,2022,148.056
Lao PDR,2023,139.073
Latvia,2000,131.5
Latvia,2001,142.426
Latvia,2002,3.779
Latvia,2003,4.524
Latvia,2004,8.698
Latvia,2005,17.345
Latvia,2006,25.148
Latvia,2007,41.191
Latvia,2008,791.453
Latvia,2009,571.395
Latvia,2010,314.82
Latvia,2011,357.551
Latvia,2012,337.561
Latvia,2013,376.425
Latvia,2014,292.327
Latvia,2015,273.066
Latvia,2016,233.811
Latvia,2017,202.641
Latvia,2018,238.603
Latvia,2019,239.425
Latvia,2020,174.639
Latvia,2021,397.964
Latvia,2022,619.66
Latvia,2023,596.782
Lebanon,2000,0.0
Lebanon,2001,0.0
Lebanon,2002,2520.63
Lebanon,2003,4081.076
Lebanon,2004,4232.697
Lebanon,2005,4011.675
Lebanon,2006,3445.149
Lebanon,2007,2961.9
Lebanon,2008,4365.96
Lebanon,2009,5749.154
Lebanon,2010,4390.476
Lebanon,2011,4377.027
Lebanon,2012,4698.442
Lebanon,2013,4949.423
Lebanon,2014,4288.965
Lebanon,2015,3674.947
Lebanon,2016,4170.87
Lebanon,2017,4452.965
Lebanon,2018,5007.029
Lebanon,2019,4335.489
Lebanon,2020,2757.783
Lebanon,2021,1928.785
Lebanon,2022,1736.873
Lebanon,2023,1775.194
Lesotho,2000,0.0
Lesotho,2001,0.0
Lesotho,2002,0.0
Lesotho,2003,0.0
Lesotho,2004,0.0
Lesotho,2005,0.0
Lesotho,2006,0.0
Lesotho,2007,0.0
Lesotho,2008,0.0
Lesotho,2009,0.0
Lesotho,2010,0.0
Lesotho,2011,0.0
Lesotho,2012,0.0
Lesotho,2013,0.0
Lesotho,2014,0.0
Lesotho,2015,0.0
Lesotho,2016,0.0
Lesotho,2017,2.224
Lesotho,2018,3.531
Lesotho,2019,3.396
Lesotho,2020,2.829
Lesotho,2021,3.076
Lesotho,2022,2.787
Lesotho,2023,2.462
Liberia,2000,0.0
Liberia,2001,0.0
Liberia,2002,0.0
Liberia,2003,0.0
Liberia,2004,0.176
Liberia,2005,0.194
Liberia,2006,0.213
Liberia,2007,0.255
Liberia,2008,0.481
Liberia,2009,1.008
Liberia,2010,300.5
Liberia,2011,306.604
Liberia,2012,434.537
Liberia,2013,394.923
Liberia,2014,364.441
Liberia,2015,339.788
Liberia,2016,357.015
Liberia,2017,315.532
Liberia,2018,339.065
Liberia,2019,251.18
Liberia,2020,149.957
Liberia,2021,131.792
Liberia,2022,127.286
Liberia,2023,0.0
Libya,2000,463.0
Libya,2001,683.0
Libya,2002,786.0
Libya,2003,676.0
Libya,2004,975.0
Libya,2005,914.0
Libya,2006,945.0
Libya,2007,762.2
Libya,2008,964.2
Libya,2009,1361.0
Libya,2010,1609.0
Libya,2011,650.0
Libya,2012,1971.0
Libya,2013,3199.3
Libya,2014,1119.7
Libya,2015,839.8
Libya,2016,755.8
Libya,2017,680.2
Libya,2018,744.2
Libya,2019,1082.3
Libya,2020,923.6
Libya,2021,900.4
Libya,2022,0.0
Libya,2023,0.0
Lithuania,2000,38.125
Lithuania,2001,29.425
Lithuania,2002,31.277
Lithuania,2003,41.935
Lithuania,2004,280.4
Lithuania,2005,258.898
Lithuania,2006,426.013
Lithuania,2007,566.89
Lithuania,2008,652.018
Lithuania,2009,679.864
Lithuania,2010,552.309
Lithuania,2011,1026.309
Lithuania,2012,1134.627
Lithuania,2013,851.748
Lithuania,2014,904.678
Lithuania,2015,589.066
Lithuania,2016,583.843
Lithuania,2017,548.041
Lithuania,2018,616.911
Lithuania,2019,602.061
Lithuania,2020,365.939
Lithuania,2021,403.262
Lithuania,2022,568.094
Lithuania,2023,545.365
Luxembourg,2000,2719.591
Luxembourg,2001,3138.724
Luxembourg,2002,4114.3
Luxembourg,2003,5119.734
Luxembourg,2004,6083.684
Luxembourg,2005,6742.475
Luxembourg,2006,7626.976
Luxembourg,2007,9367.574
Luxembourg,2008,11042.648
Luxembourg,2009,10758.739
Luxembourg,2010,10658.661
Luxembourg,2011,11775.377
Luxembourg,2012,11454.422
Luxembourg,2013,12419.218
Luxembourg,2014,12917.476
Luxembourg,2015,11232.765
Luxembourg,2016,11679.077
Luxembourg,2017,12693.98
Luxembourg,2018,14044.624
Luxembourg,2019,14103.454
Luxembourg,2020,14272.287
Luxembourg,2021,16558.233
Luxembourg,2022,16232.024
Luxembourg,2023,17991.282
"Macao SAR, China",2000,0.0
"Macao SAR, China",2001,0.0
"Macao SAR, China",2002,123.2
"Macao SAR, China",2003,119.732
"Macao SAR, China",2004,145.945
"Macao SAR, China",2005,232.537
"Macao SAR, China",2006,441.438
"Macao SAR, China",2007,792.46
"Macao SAR, China",2008,1017.706
"Macao SAR, China",2009,768.319
"Macao SAR, China",2010,636.508
"Macao SAR, China",2011,773.584
"Macao SAR, China",2012,972.686
"Macao SAR, China",2013,1282.686
"Macao SAR, China",2014,1629.715
"Macao SAR, China",2015,1949.44
"Macao SAR, China",2016,2026.879
"Macao SAR, China",2017,2041.139
"Macao SAR, China",2018,2165.77
"Macao SAR, China",2019,2324.634
"Macao SAR, China",2020,2140.938
"Macao SAR, China",2021,2041.371
"Macao SAR, China",2022,2098.754
"Macao SAR, China",2023,0.0
Madagascar,2000,11.904
Madagascar,2001,11.416
Madagascar,2002,4.715
Madagascar,2003,17.925
Madagascar,2004,9.001
Madagascar,2005,23.2
Madagascar,2006,27.214
Madagascar,2007,38.242
Madagascar,2008,40.562
Madagascar,2009,49.537
Madagascar,2010,58.909
Madagascar,2011,54.214
Madagascar,2012,63.112
Madagascar,2013,55.196
Madagascar,2014,49.749
Madagascar,2015,57.976
Madagascar,2016,47.657
Madagascar,2017,63.49
Madagascar,2018,74.265
Madagascar,2019,63.244
Madagascar,2020,42.945
Madagascar,2021,54.092
Madagascar,2022,99.975
Madagascar,2023,0.0
Malawi,2000,0.425
Malawi,2001,0.623
Malawi,2002,0.448
Malawi,2003,7.0
Malawi,2004,7.316
Malawi,2005,7.337
Malawi,2006,7.338
Malawi,2007,10.186
Malawi,2008,10.386
Malawi,2009,13.317
Malawi,2010,14.908
Malawi,2011,17.45
Malawi,2012,17.793
Malawi,2013,16.453
Malawi,2014,18.552
Malawi,2015,20.001
Malawi,2016,7.593
Malawi,2017,12.174
Malawi,2018,14.98
Malawi,2019,32.027
Malawi,2020,36.844
Malawi,2021,166.186
Malawi,2022,192.978
Malawi,2023,0.0
Malaysia,2000,598.947
Malaysia,2001,633.947
Malaysia,2002,3826.316
Malaysia,2003,3463.789
Malaysia,2004,5064.289
Malaysia,2005,5679.21
Malaysia,2006,5596.605
Malaysia,2007,6388.48
Malaysia,2008,6785.528
Malaysia,2009,6528.553
Malaysia,2010,8628.3
Malaysia,2011,9421.626
Malaysia,2012,8958.203
Malaysia,2013,8981.935
Malaysia,2014,10192.345
Malaysia,2015,10482.815
Malaysia,2016,10105.147
Malaysia,2017,9393.881
Malaysia,2018,10915.512
Malaysia,2019,11397.961
Malaysia,2020,9089.67
Malaysia,2021,8634.942
Malaysia,2022,9068.22
Malaysia,2023,9535.716
Maldives,2000,46.352
Maldives,2001,49.963
Maldives,2002,50.618
Maldives,2003,55.321
Maldives,2004,61.508
Maldives,2005,69.91
Maldives,2006,83.551
Maldives,2007,188.824
Maldives,2008,218.697
Maldives,2009,190.153
Maldives,2010,189.385
Maldives,2011,239.9
Maldives,2012,259.862
Maldives,2013,265.585
Maldives,2014,301.426
Maldives,2015,348.365
Maldives,2016,376.235
Maldives,2017,475.258
Maldives,2018,532.373
Maldives,2019,596.116
Maldives,2020,396.702
Maldives,2021,496.466
Maldives,2022,557.469
Maldives,2023,0.0
Mali,2000,26.387
Mali,2001,23.308
Mali,2002,30.466
Mali,2003,57.74
Mali,2004,64.018
Mali,2005,69.3
Mali,2006,57.214
Mali,2007,82.777
Mali,2008,105.202
Mali,2009,167.576
Mali,2010,176.053
Mali,2011,129.114
Mali,2012,110.776
Mali,2013,133.942
Mali,2014,147.502
Mali,2015,132.911
Mali,2016,160.38
Mali,2017,155.417
Mali,2018,207.063
Mali,2019,206.3
Mali,2020,205.399
Mali,2021,235.015
Mali,2022,230.662
Mali,2023,0.0
Malta,2000,8.404
Malta,2001,8.423
Malta,2002,9.392
Malta,2003,11.532
Malta,2004,376.0
Malta,2005,192.227
Malta,2006,222.752
Malta,2007,258.536
Malta,2008,1320.345
Malta,2009,1863.674
Malta,2010,1611.546
Malta,2011,1107.825
Malta,2012,1050.328
Malta,2013,1107.797
Malta,2014,1112.99
Malta,2015,403.791
Malta,2016,450.71
Malta,2017,477.226
Malta,2018,516.879
Malta,2019,465.413
Malta,2020,494.663
Malta,2021,481.213
Malta,2022,641.542
Malta,2023,0.0
Marshall Islands,2000,0.0
Marshall Islands,2001,0.0
Marshall Islands,2002,0.0
Marshall Islands,2003,0.0
Marshall Islands,2004,0.0
Marshall Islands,2005,3.5
Marshall Islands,2006,3.616
Marshall Islands,2007,3.843
Marshall Islands,2008,4.07
Marshall Islands,2009,4.433
Marshall Islands,2010,7.882
Marshall Islands,2011,9.238
Marshall Islands,2012,23.12
Marshall Islands,2013,23.658
Marshall Islands,2014,23.819
Marshall Islands,2015,18.452
Marshall Islands,2016,19.452
Marshall Islands,2017,22.766
Marshall Islands,2018,23.766
Marshall Islands,2019,16.048
Marshall Islands,2020,17.684
Marshall Islands,2021,13.546
Marshall Islands,2022,0.0
Marshall Islands,2023,0.0
Mauritania,2000,0.0
Mauritania,2001,0.0
Mauritania,2002,0.0
Mauritania,2003,0.0
Mauritania,2004,0.0
Mauritania,2005,0.0
Mauritania,2006,0.0
Mauritania,2007,0.0
Mauritania,2008,0.0
Mauritania,2009,0.0
Mauritania,2010,0.0
Mauritania,2011,0.0
Mauritania,2012,239.832
Mauritania,2013,255.109
Mauritania,2014,188.556
Mauritania,2015,171.582
Mauritania,2016,0.0
Mauritania,2017,53.1
Mauritania,2018,26.581
Mauritania,2019,10.092
Mauritania,2020,38.619
Mauritania,2021,22.383
Mauritania,2022,22.86
Mauritania,2023,0.0
Mauritius,2000,0.0
Mauritius,2001,6.344
Mauritius,2002,8.12
Mauritius,2003,9.114
Mauritius,2004,9.333
Mauritius,2005,9.247
Mauritius,2006,10.073
Mauritius,2007,9.948
Mauritius,2008,12.74
Mauritius,2009,10.258
Mauritius,2010,8.459
Mauritius,2011,9.445
Mauritius,2012,8.188
Mauritius,2013,8.3
Mauritius,2014,700.783
Mauritius,2015,599.739
Mauritius,2016,599.032
Mauritius,2017,581.453
Mauritius,2018,747.333
Mauritius,2019,822.79
Mauritius,2020,1102.389
Mauritius,2021,1357.6
Mauritius,2022,1278.876
Mauritius,2023,892.323
Mexico,2000,0.0
Mexico,2001,0.0
Mexico,2002,0.0
Mexico,2003,0.0
Mexico,2004,0.0
Mexico,2005,0.0
Mexico,2006,0.0
Mexico,2007,0.0
Mexico,2008,0.0
Mexico,2009,0.0
Mexico,2010,0.0
Mexico,2011,0.0
Mexico,2012,0.0
Mexico,2013,748.784
Mexico,2014,715.177
Mexico,2015,632.147
Mexico,2016,543.971
Mexico,2017,635.237
Mexico,2018,742.219
Mexico,2019,787.387
Mexico,2020,647.379
Mexico,2021,767.244
Mexico,2022,883.19
Mexico,2023,1055.657
"Micronesia, Fed. Sts.",2000,0.0
"Micronesia, Fed. Sts.",2001,0.0
"Micronesia, Fed. Sts.",2002,0.0
"Micronesia, Fed. Sts.",2003,0.0
"Micronesia, Fed. Sts.",2004,0.0
"Micronesia, Fed. Sts.",2005,0.0
"Micronesia, Fed. Sts.",2006,0.0
"Micronesia, Fed. Sts.",2007,0.0
"Micronesia, Fed. Sts.",2008,0.0
"Micronesia, Fed. Sts.",2009,15.3
"Micronesia, Fed. Sts.",2010,16.561
"Micronesia, Fed. Sts.",2011,17.021
"Micronesia, Fed. Sts.",2012,17.914
"Micronesia, Fed. Sts.",2013,16.453
"Micronesia, Fed. Sts.",2014,17.331
"Micronesia, Fed. Sts.",2015,0.0
"Micronesia, Fed. Sts.",2016,0.0
"Micronesia, Fed. Sts.",2017,0.0
"Micronesia, Fed. Sts.",2018,0.0
"Micronesia, Fed. Sts.",2019,0.0
"Micronesia, Fed. Sts.",2020,0.0
"Micronesia, Fed. Sts.",2021,0.0
"Micronesia, Fed. Sts.",2022,0.0
"Micronesia, Fed. Sts.",2023,0.0
Moldova,2000,29.21
Moldova,2001,39.39
Moldova,2002,36.28
Moldova,2003,43.81
Moldova,2004,41.83
Moldova,2005,46.27
Moldova,2006,56.86
Moldova,2007,71.9
Moldova,2008,92.25
Moldova,2009,87.0
Moldova,2010,115.73
Moldova,2011,79.62
Moldova,2012,92.99
Moldova,2013,93.87
Moldova,2014,147.05
Moldova,2015,154.11
Moldova,2016,141.34
Moldova,2017,144.06
Moldova,2018,169.04
Moldova,2019,180.74
Moldova,2020,207.37
Moldova,2021,293.47
Moldova,2022,519.17
Moldova,2023,450.98
Mongolia,2000,4.596
Mongolia,2001,6.394
Mongolia,2002,16.46
Mongolia,2003,19.014
Mongolia,2004,49.095
Mongolia,2005,40.423
Mongolia,2006,76.579
Mongolia,2007,90.323
Mongolia,2008,172.185
Mongolia,2009,83.444
Mongolia,2010,169.098
Mongolia,2011,312.199
Mongolia,2012,531.375
Mongolia,2013,441.382
Mongolia,2014,336.94
Mongolia,2015,227.552
Mongolia,2016,170.934
Mongolia,2017,183.098
Mongolia,2018,216.788
Mongolia,2019,233.422
Mongolia,2020,145.843
Mongolia,2021,143.897
Mongolia,2022,128.976
Mongolia,2023,162.551
Montenegro,2000,0.0
Montenegro,2001,0.0
Montenegro,2002,0.0
Montenegro,2003,0.0
Montenegro,2004,0.0
Montenegro,2005,0.0
Montenegro,2006,0.0
Montenegro,2007,27.087
Montenegro,2008,27.271
Montenegro,2009,25.943
Montenegro,2010,32.7
Montenegro,2011,43.51
Montenegro,2012,52.604
Montenegro,2013,64.263
Montenegro,2014,72.165
Montenegro,2015,53.64
Montenegro,2016,59.922
Montenegro,2017,70.433
Montenegro,2018,110.741
Montenegro,2019,123.351
Montenegro,2020,98.245
Montenegro,2021,103.808
Montenegro,2022,123.41
Montenegro,2023,144.509
Morocco,2000,23.199
Morocco,2001,26.568
Morocco,2002,30.316
Morocco,2003,34.15
Morocco,2004,33.536
Morocco,2005,35.071
Morocco,2006,37.889
Morocco,2007,48.91
Morocco,2008,54.397
Morocco,2009,60.109
Morocco,2010,62.034
Morocco,2011,70.931
Morocco,2012,64.153
Morocco,2013,63.306
Morocco,2014,100.2
Morocco,2015,78.799
Morocco,2016,106.698
Morocco,2017,111.636
Morocco,2018,138.278
Morocco,2019,136.434
Morocco,2020,152.347
Morocco,2021,175.462
Morocco,2022,153.478
Morocco,2023,145.291
Mozambique,2000,0.0
Mozambique,2001,0.0
Mozambique,2002,0.0
Mozambique,2003,0.0
Mozambique,2004,0.0
Mozambique,2005,24.485
Mozambique,2006,26.098
Mozambique,2007,45.25
Mozambique,2008,56.838
Mozambique,2009,65.747
Mozambique,2010,53.681
Mozambique,2011,41.487
Mozambique,2012,96.202
Mozambique,2013,99.837
Mozambique,2014,193.87
Mozambique,2015,190.567
Mozambique,2016,98.477
Mozambique,2017,219.144
Mozambique,2018,209.48
Mozambique,2019,202.256
Mozambique,2020,211.096
Mozambique,2021,221.102
Mozambique,2022,193.371
Mozambique,2023,208.855
Myanmar,2000,13.781
Myanmar,2001,13.974
Myanmar,2002,23.044
Myanmar,2003,22.61
Myanmar,2004,24.272
Myanmar,2005,18.816
Myanmar,2006,31.369
Myanmar,2007,0.0
Myanmar,2008,0.0
Myanmar,2009,0.0
Myanmar,2010,0.0
Myanmar,2011,0.0
Myanmar,2012,0.0
Myanmar,2013,419.4
Myanmar,2014,565.941
Myanmar,2015,382.265
Myanmar,2016,297.721
Myanmar,2017,96.326
Myanmar,2018,151.129
Myanmar,2019,178.869
Myanmar,2020,0.0
Myanmar,2021,0.0
Myanmar,2022,0.0
Myanmar,2023,0.0
Namibia,2000,8.662
Namibia,2001,7.84
Namibia,2002,8.012
Namibia,2003,14.718
Namibia,2004,17.135
Namibia,2005,18.283
Namibia,2006,19.663
Namibia,2007,15.549
Namibia,2008,42.432
Namibia,2009,67.8
Namibia,2010,81.636
Namibia,2011,111.952
Namibia,2012,103.503
Namibia,2013,83.084
Namibia,2014,131.232
Namibia,2015,71.44
Namibia,2016,49.881
Namibia,2017,68.481
Namibia,2018,57.923
Namibia,2019,95.557
Namibia,2020,104.743
Namibia,2021,75.321
Namibia,2022,62.356
Namibia,2023,64.679
Nepal,2000,16.733
Nepal,2001,24.305
Nepal,2002,34.09
Nepal,2003,26.19
Nepal,2004,63.611
Nepal,2005,65.788
Nepal,2006,79.167
Nepal,2007,3.953
Nepal,2008,5.286
Nepal,2009,12.298
Nepal,2010,32.361
Nepal,2011,39.163
Nepal,2012,50.326
Nepal,2013,27.772
Nepal,2014,9.103
Nepal,2015,9.494
Nepal,2016,20.054
Nepal,2017,33.435
Nepal,2018,49.426
Nepal,2019,60.035
Nepal,2020,44.143
Nepal,2021,44.025
Nepal,2022,39.973
Nepal,2023,51.779
Netherlands,2000,1447.233
Netherlands,2001,1534.123
Netherlands,2002,1641.973
Netherlands,2003,2470.743
Netherlands,2004,4194.5
Netherlands,2005,4544.868
Netherlands,2006,6078.724
Netherlands,2007,10084.062
Netherlands,2008,12696.527
Netherlands,2009,11672.005
Netherlands,2010,9395.853
Netherlands,2011,10252.485
Netherlands,2012,9572.512
Netherlands,2013,9685.792
Netherlands,2014,8282.701
Netherlands,2015,10222.554
Netherlands,2016,10507.384
Netherlands,2017,11319.608
Netherlands,2018,12956.82
Netherlands,2019,14137.568
Netherlands,2020,14311.627
Netherlands,2021,15767.972
Netherlands,2022,15386.378
Netherlands,2023,16737.792
New Caledonia,2000,0.0
New Caledonia,2001,0.0
New Caledonia,2002,19.251
New Caledonia,2003,20.741
New Caledonia,2004,21.164
New Caledonia,2005,27.668
New Caledonia,2006,50.186
New Caledonia,2007,55.565
New Caledonia,2008,68.0
New Caledonia,2009,92.403
New Caledonia,2010,82.72
New Caledonia,2011,87.38
New Caledonia,2012,68.282
New Caledonia,2013,61.224
New Caledonia,2014,47.884
New Caledonia,2015,28.731
New Caledonia,2016,59.858
New Caledonia,2017,0.0
New Caledonia,2018,0.0
New Caledonia,2019,0.0
New Caledonia,2020,0.0
New Caledonia,2021,0.0
New Caledonia,2022,0.0
New Caledonia,2023,0.0
New Zealand,2000,187.2
New Zealand,2001,215.634
New Zealand,2002,310.922
New Zealand,2003,381.77
New Zealand,2004,457.332
New Zealand,2005,647.308
New Zealand,2006,552.022
New Zealand,2007,622.56
New Zealand,2008,624.258
New Zealand,2009,524.454
New Zealand,2010,533.918
New Zealand,2011,636.205
New Zealand,2012,668.885
New Zealand,2013,716.983
New Zealand,2014,777.101
New Zealand,2015,728.535
New Zealand,2016,790.898
New Zealand,2017,849.238
New Zealand,2018,872.299
New Zealand,2019,883.152
New Zealand,2020,883.159
New Zealand,2021,895.065
New Zealand,2022,887.928
New Zealand,2023,1034.642
Nicaragua,2000,0.0
Nicaragua,2001,0.0
Nicaragua,2002,0.0
Nicaragua,2003,0.0
Nicaragua,2004,0.0
Nicaragua,2005,0.0
Nicaragua,2006,0.0
Nicaragua,2007,0.0
Nicaragua,2008,1.2
Nicaragua,2009,1.2
Nicaragua,2010,1.2
Nicaragua,2011,1.3
Nicaragua,2012,1.5
Nicaragua,2013,1.3
Nicaragua,2014,1.3
Nicaragua,2015,1.6
Nicaragua,2016,1.6
Nicaragua,2017,1.6
Nicaragua,2018,1.6
Nicaragua,2019,1.6
Nicaragua,2020,1.5
Nicaragua,2021,105.7
Nicaragua,2022,182.3
Nicaragua,2023,133.1
Niger,2000,11.906
Niger,2001,10.339
Niger,2002,6.399
Niger,2003,9.062
Niger,2004,24.912
Niger,2005,29.323
Niger,2006,29.292
Niger,2007,18.037
Niger,2008,22.392
Niger,2009,25.299
Niger,2010,72.25
Niger,2011,111.7
Niger,2012,90.688
Niger,2013,91.515
Niger,2014,147.283
Niger,2015,101.27
Niger,2016,109.142
Niger,2017,169.75
Niger,2018,184.458
Niger,2019,178.58
Niger,2020,395.522
Niger,2021,194.871
Niger,2022,563.794
Niger,2023,0.0
Nigeria,2000,1.052
Nigeria,2001,0.593
Nigeria,2002,0.904
Nigeria,2003,11.562
Nigeria,2004,20.856
Nigeria,2005,68.03
Nigeria,2006,101.561
Nigeria,2007,54.006
Nigeria,2008,58.149
Nigeria,2009,47.036
Nigeria,2010,47.475
Nigeria,2011,75.506
Nigeria,2012,38.702
Nigeria,2013,50.483
Nigeria,2014,54.6
Nigeria,2015,1035.451
Nigeria,2016,744.771
Nigeria,2017,275.346
Nigeria,2018,67.676
Nigeria,2019,90.6
Nigeria,2020,92.102
Nigeria,2021,82.545
Nigeria,2022,82.424
Nigeria,2023,84.097
North Macedonia,2000,14.208
North Macedonia,2001,20.521
North Macedonia,2002,23.265
North Macedonia,2003,16.068
North Macedonia,2004,16.158
North Macedonia,2005,15.545
North Macedonia,2006,17.849
North Macedonia,2007,24.875
North Macedonia,2008,32.975
North Macedonia,2009,26.302
North Macedonia,2010,22.612
North Macedonia,2011,24.692
North Macedonia,2012,23.86
North Macedonia,2013,24.439
North Macedonia,2014,23.991
North Macedonia,2015,19.891
North Macedonia,2016,24.25
North Macedonia,2017,27.45
North Macedonia,2018,24.903
North Macedonia,2019,21.972
North Macedonia,2020,27.314
North Macedonia,2021,26.036
North Macedonia,2022,22.419
North Macedonia,2023,24.222
Norway,2000,1059.51
Norway,2001,1022.441
Norway,2002,922.87
Norway,2003,1430.077
Norway,2004,1749.216
Norway,2005,2174.008
Norway,2006,2596.883
Norway,2007,3577.068
Norway,2008,4750.014
Norway,2009,4174.095
Norway,2010,4118.497
Norway,2011,4427.036
Norway,2012,5099.6
Norway,2013,5799.187
Norway,2014,5941.155
Norway,2015,4578.257
Norway,2016,4162.486
Norway,2017,4025.199
Norway,2018,4410.936
Norway,2019,4619.086
Norway,2020,3870.829
Norway,2021,3990.223
Norway,2022,4506.148
Norway,2023,4546.349
Oman,2000,1451.2
Oman,2001,1531.86
Oman,2002,1602.081
Oman,2003,1672.302
Oman,2004,1825.748
Oman,2005,2257.477
Oman,2006,2788.036
Oman,2007,3669.701
Oman,2008,5180.754
Oman,2009,5315.995
Oman,2010,5703.511
Oman,2011,7214.564
Oman,2012,8086.606
Oman,2013,9104.419
Oman,2014,10300.832
Oman,2015,10990.897
Oman,2016,10312.094
Oman,2017,9815.3
Oman,2018,9957.667
Oman,2019,9133.597
Oman,2020,8772.237
Oman,2021,8117.672
Oman,2022,9071.113
Oman,2023,0.0
Pakistan,2000,2.0
Pakistan,2001,3.0
Pakistan,2002,2.0
Pakistan,2003,5.0
Pakistan,2004,10.0
Pakistan,2005,3.0
Pakistan,2006,3.0
Pakistan,2007,2.0
Pakistan,2008,0.0
Pakistan,2009,8.0
Pakistan,2010,9.0
Pakistan,2011,28.0
Pakistan,2012,34.0
Pakistan,2013,16.0
Pakistan,2014,16.0
Pakistan,2015,30.0
Pakistan,2016,64.0
Pakistan,2017,120.0
Pakistan,2018,130.0
Pakistan,2019,124.0
Pakistan,2020,187.0
Pakistan,2021,231.0
Pakistan,2022,208.0
Pakistan,2023,317.0
Palau,2000,0.0
Palau,2001,0.0
Palau,2002,0.0
Palau,2003,0.0
Palau,2004,0.0
Palau,2005,11.7
Palau,2006,11.208
Palau,2007,10.746
Palau,2008,9.725
Palau,2009,9.284
Palau,2010,8.994
Palau,2011,9.357
Palau,2012,9.691
Palau,2013,9.838
Palau,2014,9.527
Palau,2015,16.785
Palau,2016,18.356
Palau,2017,19.688
Palau,2018,19.998
Palau,2019,19.715
Palau,2020,18.131
Palau,2021,14.914
Palau,2022,15.097
Palau,2023,0.0
Panama,2000,22.0
Panama,2001,42.1
Panama,2002,44.7
Panama,2003,56.6
Panama,2004,72.3
Panama,2005,87.6
Panama,2006,236.3
Panama,2007,295.9
Panama,2008,387.6
Panama,2009,449.8
Panama,2010,485.8
Panama,2011,463.6
Panama,2012,563.6
Panama,2013,644.2
Panama,2014,814.5
Panama,2015,828.9
Panama,2016,838.79
Panama,2017,838.408
Panama,2018,797.139
Panama,2019,823.652
Panama,2020,508.879
Panama,2021,550.867
Panama,2022,563.382
Panama,2023,535.626
Papua New Guinea,2000,11.215
Papua New Guinea,2001,10.739
Papua New Guinea,2002,57.102
Papua New Guinea,2003,91.392
Papua New Guinea,2004,116.69
Papua New Guinea,2005,128.257
Papua New Guinea,2006,158.634
Papua New Guinea,2007,284.231
Papua New Guinea,2008,321.37
Papua New Guinea,2009,315.785
Papua New Guinea,2010,394.609
Papua New Guinea,2011,551.168
Papua New Guinea,2012,511.366
Papua New Guinea,2013,514.811
Papua New Guinea,2014,406.266
Papua New Guinea,2015,280.7
Papua New Guinea,2016,198.2
Papua New Guinea,2017,268.127
Papua New Guinea,2018,91.413
Papua New Guinea,2019,140.811
Papua New Guinea,2020,33.338
Papua New Guinea,2021,153.104
Papua New Guinea,2022,0.0
Papua New Guinea,2023,0.0
Paraguay,2000,0.0
Paraguay,2001,0.0
Paraguay,2002,0.0
Paraguay,2003,0.0
Paraguay,2004,0.0
Paraguay,2005,0.0
Paraguay,2006,0.0
Paraguay,2007,0.0
Paraguay,2008,70.0
Paraguay,2009,85.0
Paraguay,2010,90.0
Paraguay,2011,90.0
Paraguay,2012,100.329
Paraguay,2013,42.071
Paraguay,2014,50.945
Paraguay,2015,115.063
Paraguay,2016,74.51
Paraguay,2017,96.604
Paraguay,2018,98.542
Paraguay,2019,89.953
Paraguay,2020,72.849
Paraguay,2021,65.039
Paraguay,2022,64.76
Paraguay,2023,81.362
Peru,2000,0.0
Peru,2001,0.0
Peru,2002,0.0
Peru,2003,0.0
Peru,2004,0.0
Peru,2005,0.0
Peru,2006,0.0
Peru,2007,0.0
Peru,2008,0.0
Peru,2009,0.0
Peru,2010,0.0
Peru,2011,0.0
Peru,2012,0.0
Peru,2013,0.0
Peru,2014,0.0
Peru,2015,0.0
Peru,2016,0.0
Peru,2017,122.627
Peru,2018,284.2
Peru,2019,325.546
Peru,2020,164.983
Peru,2021,173.396
Peru,2022,187.003
Peru,2023,321.55
Philippines,2000,0.0
Philippines,2001,0.0
Philippines,2002,0.0
Philippines,2003,0.0
Philippines,2004,0.0
Philippines,2005,195.4
Philippines,2006,63.286
Philippines,2007,65.936
Philippines,2008,116.943
Philippines,2009,93.79
Philippines,2010,109.142
Philippines,2011,134.767
Philippines,2012,152.358
Philippines,2013,210.262
Philippines,2014,182.982
Philippines,2015,153.322
Philippines,2016,196.073
Philippines,2017,246.212
Philippines,2018,258.524
Philippines,2019,225.723
Philippines,2020,211.194
Philippines,2021,255.923
Philippines,2022,297.657
Philippines,2023,310.832
Poland,2000,311.0
Poland,2001,345.0
Poland,2002,353.0
Poland,2003,325.0
Poland,2004,551.0
Poland,2005,622.0
Poland,2006,693.0
Poland,2007,1018.0
Poland,2008,1474.0
Poland,2009,1155.0
Poland,2010,1326.0
Poland,2011,1416.0
Poland,2012,1538.0
Poland,2013,1579.0
Poland,2014,2183.0
Poland,2015,2574.0
Poland,2016,3732.0
Poland,2017,6345.0
Poland,2018,7501.0
Poland,2019,8008.0
Poland,2020,7915.0
Poland,2021,9419.0
Poland,2022,10940.0
Poland,2023,11494.0
Portugal,2000,203.164
Portugal,2001,250.512
Portugal,2002,256.383
Portugal,2003,258.922
Portugal,2004,378.439
Portugal,2005,435.789
Portugal,2006,445.02
Portugal,2007,345.525
Portugal,2008,387.824
Portugal,2009,518.108
Portugal,2010,505.717
Portugal,2011,670.9
Portugal,2012,559.679
Portugal,2013,559.099
Portugal,2014,457.221
Portugal,2015,343.839
Portugal,2016,282.917
Portugal,2017,300.88
Portugal,2018,261.729
Portugal,2019,259.426
Portugal,2020,255.507
Portugal,2021,321.531
Portugal,2022,257.837
Portugal,2023,314.534
Qatar,2000,0.0
Qatar,2001,0.0
Qatar,2002,0.0
Qatar,2003,0.0
Qatar,2004,0.0
Qatar,2005,0.0
Qatar,2006,0.0
Qatar,2007,0.0
Qatar,2008,0.0
Qatar,2009,0.0
Qatar,2010,0.0
Qatar,2011,10444.681
Qatar,2012,10412.912
Qatar,2013,11281.044
Qatar,2014,11230.22
Qatar,2015,12192.033
Qatar,2016,11981.868
Qatar,2017,12759.341
Qatar,2018,11557.967
Qatar,2019,11963.736
Qatar,2020,10112.088
Qatar,2021,10966.209
Qatar,2022,12285.714
Qatar,2023,11773.901
Romania,2000,6.0
Romania,2001,5.0
Romania,2002,6.0
Romania,2003,8.0
Romania,2004,6.0
Romania,2005,22.3
Romania,2006,40.736
Romania,2007,55.02
Romania,2008,168.497
Romania,2009,64.407
Romania,2010,88.241
Romania,2011,127.766
Romania,2012,116.346
Romania,2013,484.521
Romania,2014,592.769
Romania,2015,514.29
Romania,2016,302.508
Romania,2017,389.122
Romania,2018,435.256
Romania,2019,485.742
Romania,2020,536.806
Romania,2021,642.168
Romania,2022,967.442
Romania,2023,1424.172
Russian Federation,2000,232.2
Russian Federation,2001,914.69
Russian Federation,2002,1295.51
Russian Federation,2003,2264.13
Russian Federation,2004,4189.73
Russian Federation,2005,6827.24
Russian Federation,2006,12104.44
Russian Federation,2007,19880.62
Russian Federation,2008,29718.81
Russian Federation,2009,21147.74
Russian Federation,2010,21453.98
Russian Federation,2011,26010.47
Russian Federation,2012,31647.7
Russian Federation,2013,37216.68
Russian Federation,2014,32640.36
Russian Federation,2015,19688.84
Russian Federation,2016,16244.42
Russian Federation,2017,20610.14
Russian Federation,2018,22308.42
Russian Federation,2019,22217.24
Russian Federation,2020,16872.18
Russian Federation,2021,16819.55
Russian Federation,2022,5786.93
Russian Federation,2023,7422.48
Rwanda,2000,0.0
Rwanda,2001,0.0
Rwanda,2002,0.0
Rwanda,2003,0.0
Rwanda,2004,0.0
Rwanda,2005,0.0
Rwanda,2006,0.0
Rwanda,2007,0.0
Rwanda,2008,0.0
Rwanda,2009,0.0
Rwanda,2010,63.6
Rwanda,2011,93.816
Rwanda,2012,92.73
Rwanda,2013,82.873
Rwanda,2014,99.07
Rwanda,2015,101.924
Rwanda,2016,102.464
Rwanda,2017,94.287
Rwanda,2018,87.251
Rwanda,2019,72.408
Rwanda,2020,55.651
Rwanda,2021,73.394
Rwanda,2022,91.743
Rwanda,2023,94.476
Samoa,2000,0.0
Samoa,2001,0.0
Samoa,2002,0.0
Samoa,2003,0.0
Samoa,2004,10.857
Samoa,2005,15.6
Samoa,2006,20.919
Samoa,2007,10.206
Samoa,2008,8.593
Samoa,2009,8.453
Samoa,2010,8.948
Samoa,2011,12.405
Samoa,2012,11.04
Samoa,2013,18.22
Samoa,2014,12.468
Samoa,2015,15.747
Samoa,2016,17.713
Samoa,2017,18.967
Samoa,2018,17.313
Samoa,2019,19.773
Samoa,2020,21.125
Samoa,2021,25.873
Samoa,2022,27.029
Samoa,2023,32.489
San Marino,2000,0.0
San Marino,2001,0.0
San Marino,2002,0.0
San Marino,2003,0.0
San Marino,2004,0.0
San Marino,2005,0.0
San Marino,2006,0.0
San Marino,2007,0.0
San Marino,2008,0.0
San Marino,2009,0.0
San Marino,2010,0.0
San Marino,2011,0.0
San Marino,2012,0.0
San Marino,2013,0.0
San Marino,2014,0.0
San Marino,2015,0.0
San Marino,2016,0.0
San Marino,2017,174.8
San Marino,2018,191.325
San Marino,2019,194.851
San Marino,2020,190.773
San Marino,2021,216.15
San Marino,2022,0.0
San Marino,2023,0.0
Sao Tome and Principe,2000,0.639
Sao Tome and Principe,2001,0.654
Sao Tome and Principe,2002,0.474
Sao Tome and Principe,2003,0.554
Sao Tome and Principe,2004,0.614
Sao Tome and Principe,2005,0.476
Sao Tome and Principe,2006,0.671
Sao Tome and Principe,2007,0.693
Sao Tome and Principe,2008,0.488
Sao Tome and Principe,2009,0.547
Sao Tome and Principe,2010,0.622
Sao Tome and Principe,2011,0.601
Sao Tome and Principe,2012,1.314
Sao Tome and Principe,2013,1.074
Sao Tome and Principe,2014,1.442
Sao Tome and Principe,2015,0.45
Sao Tome and Principe,2016,0.576
Sao Tome and Principe,2017,0.0
Sao Tome and Principe,2018,0.0
Sao Tome and Principe,2019,0.104
Sao Tome and Principe,2020,2.373
Sao Tome and Principe,2021,6.447
Sao Tome and Principe,2022,4.382
Sao Tome and Principe,2023,2.753
Saudi Arabia,2000,15390.133
Saudi Arabia,2001,15119.733
Saudi Arabia,2002,15853.6
Saudi Arabia,2003,14783.28
Saudi Arabia,2004,13555.067
Saudi Arabia,2005,14303.4
Saudi Arabia,2006,15942.859
Saudi Arabia,2007,16435.845
Saudi Arabia,2008,21696.16
Saudi Arabia,2009,26469.733
Saudi Arabia,2010,27069.005
Saudi Arabia,2011,28474.925
Saudi Arabia,2012,29492.573
Saudi Arabia,2013,34984.187
Saudi Arabia,2014,36924.24
Saudi Arabia,2015,38787.368
Saudi Arabia,2016,37843.381
Saudi Arabia,2017,36118.962
Saudi Arabia,2018,33881.512
Saudi Arabia,2019,31197.049
Saudi Arabia,2020,34595.847
Saudi Arabia,2021,40728.489
Saudi Arabia,2022,39349.381
Saudi Arabia,2023,38393.578
Senegal,2000,55.029
Senegal,2001,51.318
Senegal,2002,39.519
Senegal,2003,57.219
Senegal,2004,76.964
Senegal,2005,97.7
Senegal,2006,96.492
Senegal,2007,143.429
Senegal,2008,144.686
Senegal,2009,175.125
Senegal,2010,216.656
Senegal,2011,209.403
Senegal,2012,220.998
Senegal,2013,280.522
Senegal,2014,300.415
Senegal,2015,272.324
Senegal,2016,388.583
Senegal,2017,409.39
Senegal,2018,591.757
Senegal,2019,552.837
Senegal,2020,527.489
Senegal,2021,398.853
Senegal,2022,0.0
Senegal,2023,0.0
Serbia,2000,0.0
Serbia,2001,0.0
Serbia,2002,0.0
Serbia,2003,0.0
Serbia,2004,0.0
Serbia,2005,0.0
Serbia,2006,0.0
Serbia,2007,129.1
Serbia,2008,180.041
Serbia,2009,152.961
Serbia,2010,154.765
Serbia,2011,204.117
Serbia,2012,217.796
Serbia,2013,255.152
Serbia,2014,267.159
Serbia,2015,244.953
Serbia,2016,238.678
Serbia,2017,273.5
Serbia,2018,297.12
Serbia,2019,331.771
Serbia,2020,390.451
Serbia,2021,470.794
Serbia,2022,655.221
Serbia,2023,898.95
Seychelles,2000,10.104
Seychelles,2001,5.608
Seychelles,2002,4.894
Seychelles,2003,7.315
Seychelles,2004,7.926
Seychelles,2005,9.958
Seychelles,2006,17.328
Seychelles,2007,52.2
Seychelles,2008,50.522
Seychelles,2009,62.1
Seychelles,2010,41.221
Seychelles,2011,50.219
Seychelles,2012,56.958
Seychelles,2013,61.159
Seychelles,2014,57.662
Seychelles,2015,74.214
Seychelles,2016,62.946
Seychelles,2017,67.964
Seychelles,2018,74.888
Seychelles,2019,73.363
Seychelles,2020,44.858
Seychelles,2021,48.905
Seychelles,2022,61.474
Seychelles,2023,59.778
Sierra Leone,2000,0.0
Sierra Leone,2001,0.339
Sierra Leone,2002,2.617
Sierra Leone,2003,3.403
Sierra Leone,2004,2.604
Sierra Leone,2005,2.367
Sierra Leone,2006,3.884
Sierra Leone,2007,3.787
Sierra Leone,2008,3.215
Sierra Leone,2009,3.491
Sierra Leone,2010,10.571
Sierra Leone,2011,20.611
Sierra Leone,2012,20.085
Sierra Leone,2013,8.998
Sierra Leone,2014,6.84
Sierra Leone,2015,6.764
Sierra Leone,2016,5.5
Sierra Leone,2017,4.074
Sierra Leone,2018,7.006
Sierra Leone,2019,8.294
Sierra Leone,2020,7.711
Sierra Leone,2021,8.648
Sierra Leone,2022,8.289
Sierra Leone,2023,0.0
Singapore,2000,0.0
Singapore,2001,0.0
Singapore,2002,0.0
Singapore,2003,0.0
Singapore,2004,0.0
Singapore,2005,0.0
Singapore,2006,0.0
Singapore,2007,0.0
Singapore,2008,0.0
Singapore,2009,0.0
Singapore,2010,0.0
Singapore,2011,0.0
Singapore,2012,0.0
Singapore,2013,0.0
Singapore,2014,0.0
Singapore,2015,0.0
Singapore,2016,0.0
Singapore,2017,0.0
Singapore,2018,0.0
Singapore,2019,0.0
Singapore,2020,0.0
Singapore,2021,0.0
Singapore,2022,0.0
Singapore,2023,0.0
Sint Maarten (Dutch part),2000,0.0
Sint Maarten (Dutch part),2001,0.0
Sint Maarten (Dutch part),2002,0.0
Sint Maarten (Dutch part),2003,0.0
Sint Maarten (Dutch part),2004,0.0
Sint Maarten (Dutch part),2005,0.0
Sint Maarten (Dutch part),2006,0.0
Sint Maarten (Dutch part),2007,0.0
Sint Maarten (Dutch part),2008,0.0
Sint Maarten (Dutch part),2009,0.0
Sint Maarten (Dutch part),2010,0.0
Sint Maarten (Dutch part),2011,105.4
Sint Maarten (Dutch part),2012,107.849
Sint Maarten (Dutch part),2013,107.983
Sint Maarten (Dutch part),2014,114.089
Sint Maarten (Dutch part),2015,107.089
Sint Maarten (Dutch part),2016,116.374
Sint Maarten (Dutch part),2017,104.313
Sint Maarten (Dutch part),2018,94.097
Sint Maarten (Dutch part),2019,99.777
Sint Maarten (Dutch part),2020,81.397
Sint Maarten (Dutch part),2021,88.421
Sint Maarten (Dutch part),2022,100.703
Sint Maarten (Dutch part),2023,99.291
Slovak Republic,2000,6.71
Slovak Republic,2001,10.107
Slovak Republic,2002,11.335
Slovak Republic,2003,15.577
Slovak Republic,2004,29.1
Slovak Republic,2005,49.934
Slovak Republic,2006,58.975
Slovak Republic,2007,81.856
Slovak Republic,2008,152.695
Slovak Republic,2009,138.195
Slovak Republic,2010,69.924
Slovak Republic,2011,69.738
Slovak Republic,2012,154.175
Slovak Republic,2013,175.297
Slovak Republic,2014,225.508
Slovak Republic,2015,239.987
Slovak Republic,2016,242.256
Slovak Republic,2017,271.335
Slovak Republic,2018,364.299
Slovak Republic,2019,511.27
Slovak Republic,2020,410.589
Slovak Republic,2021,441.007
Slovak Republic,2022,366.554
Slovak Republic,2023,539.17
Slovenia,2000,27.1
Slovenia,2001,26.6
Slovenia,2002,45.2
Slovenia,2003,65.2
Slovenia,2004,78.7
Slovenia,2005,90.5
Slovenia,2006,139.836
Slovenia,2007,247.821
Slovenia,2008,380.1
Slovenia,2009,246.615
Slovenia,2010,212.118
Slovenia,2011,219.451
Slovenia,2012,198.961
Slovenia,2013,211.2
Slovenia,2014,227.66
Slovenia,2015,200.988
Slovenia,2016,214.513
Slovenia,2017,251.937
Slovenia,2018,339.018
Slovenia,2019,364.695
Slovenia,2020,345.671
Slovenia,2021,418.063
Slovenia,2022,410.985
Slovenia,2023,486.333
Solomon Islands,2000,6.465
Solomon Islands,2001,2.255
Solomon Islands,2002,1.387
Solomon Islands,2003,1.577
Solomon Islands,2004,1.811
Solomon Islands,2005,2.111
Solomon Islands,2006,11.2
Solomon Islands,2007,12.106
Solomon Islands,2008,13.943
Solomon Islands,2009,39.105
Solomon Islands,2010,61.708
Solomon Islands,2011,66.854
Solomon Islands,2012,46.603
Solomon Islands,2013,44.827
Solomon Islands,2014,45.891
Solomon Islands,2015,55.643
Solomon Islands,2016,69.187
Solomon Islands,2017,54.704
Solomon Islands,2018,62.632
Solomon Islands,2019,83.345
Solomon Islands,2020,65.713
Solomon Islands,2021,55.073
Solomon Islands,2022,58.923
Solomon Islands,2023,56.636
Somalia,2000,0.0
Somalia,2001,0.0
Somalia,2002,0.0
Somalia,2003,0.0
Somalia,2004,0.0
Somalia,2005,0.0
Somalia,2006,0.0
Somalia,2007,0.0
Somalia,2008,0.0
Somalia,2009,0.0
Somalia,2010,0.0
Somalia,2011,0.0
Somalia,2012,0.0
Somalia,2013,0.0
Somalia,2014,0.0
Somalia,2015,0.0
Somalia,2016,0.0
Somalia,2017,0.0
Somalia,2018,0.0
Somalia,2019,0.0
Somalia,2020,0.0
Somalia,2021,0.0
Somalia,2022,0.0
Somalia,2023,0.0
South Africa,2000,614.277
South Africa,2001,520.76
South Africa,2002,505.5
South Africa,2003,705.752
South Africa,2004,934.599
South Africa,2005,1041.844
South Africa,2006,1055.127
South Africa,2007,1172.717
South Africa,2008,1118.933
South Africa,2009,1143.855
South Africa,2010,1352.799
South Africa,2011,1422.698
South Africa,2012,1319.944
South Africa,2013,1181.98
South Africa,2014,1093.586
South Africa,2015,980.098
South Africa,2016,896.799
South Africa,2017,1033.49
South Africa,2018,1097.844
South Africa,2019,1052.038
South Africa,2020,920.782
South Africa,2021,1066.45
South Africa,2022,1011.888
South Africa,2023,932.42
South Sudan,2000,0.0
South Sudan,2001,0.0
South Sudan,2002,0.0
South Sudan,2003,0.0
South Sudan,2004,0.0
South Sudan,2005,0.0
South Sudan,2006,0.0
South Sudan,2007,0.0
South Sudan,2008,0.0
South Sudan,2009,0.0
South Sudan,2010,0.0
South Sudan,2011,0.0
South Sudan,2012,0.0
South Sudan,2013,0.0
South Sudan,2014,2.4
South Sudan,2015,145.95
South Sudan,2016,63.79
South Sudan,2017,123.08
South Sudan,2018,103.49
South Sudan,2019,16.02
South Sudan,2020,308.26
South Sudan,2021,9.71
South Sudan,2022,0.1
South Sudan,2023,0.0
Spain,2000,621.628
Spain,2001,573.85
Spain,2002,533.01
Spain,2003,539.218
Spain,2004,704.876
Spain,2005,732.687
Spain,2006,794.233
Spain,2007,897.282
Spain,2008,748.881
Spain,2009,557.286
Spain,2010,470.666
Spain,2011,496.949
Spain,2012,407.461
Spain,2013,353.455
Spain,2014,402.801
Spain,2015,368.031
Spain,2016,304.128
Spain,2017,362.588
Spain,2018,439.831
Spain,2019,448.985
Spain,2020,352.807
Spain,2021,265.499
Spain,2022,405.133
Spain,2023,566.534
Sri Lanka,2000,14.034
Sri Lanka,2001,188.27
Sri Lanka,2002,203.68
Sri Lanka,2003,223.69
Sri Lanka,2004,229.55
Sri Lanka,2005,249.35
Sri Lanka,2006,274.2
Sri Lanka,2007,304.55
Sri Lanka,2008,372.9
Sri Lanka,2009,420.3
Sri Lanka,2010,526.14
Sri Lanka,2011,580.97
Sri Lanka,2012,680.1
Sri Lanka,2013,854.4
Sri Lanka,2014,887.06
Sri Lanka,2015,896.28
Sri Lanka,2016,895.08
Sri Lanka,2017,944.43
Sri Lanka,2018,962.28
Sri Lanka,2019,1090.54
Sri Lanka,2020,1042.2
Sri Lanka,2021,343.6
Sri Lanka,2022,364.93
Sri Lanka,2023,400.776
St. Kitts and Nevis,2000,8.179
St. Kitts and Nevis,2001,8.577
St. Kitts and Nevis,2002,8.907
St. Kitts and Nevis,2003,7.369
St. Kitts and Nevis,2004,8.951
St. Kitts and Nevis,2005,9.563
St. Kitts and Nevis,2006,8.658
St. Kitts and Nevis,2007,9.699
St. Kitts and Nevis,2008,10.751
St. Kitts and Nevis,2009,9.993
St. Kitts and Nevis,2010,10.038
St. Kitts and Nevis,2011,11.989
St. Kitts and Nevis,2012,12.231
St. Kitts and Nevis,2013,14.793
St. Kitts and Nevis,2014,16.0
St. Kitts and Nevis,2015,19.657
St. Kitts and Nevis,2016,24.508
St. Kitts and Nevis,2017,27.522
St. Kitts and Nevis,2018,24.187
St. Kitts and Nevis,2019,25.298
St. Kitts and Nevis,2020,22.009
St. Kitts and Nevis,2021,20.099
St. Kitts and Nevis,2022,25.948
St. Kitts and Nevis,2023,25.806
St. Lucia,2000,11.935
St. Lucia,2001,13.33
St. Lucia,2002,13.324
St. Lucia,2003,12.853
St. Lucia,2004,13.856
St. Lucia,2005,14.85
St. Lucia,2006,15.425
St. Lucia,2007,16.027
St. Lucia,2008,16.903
St. Lucia,2009,16.368
St. Lucia,2010,16.738
St. Lucia,2011,17.057
St. Lucia,2012,16.436
St. Lucia,2013,16.62
St. Lucia,2014,17.4
St. Lucia,2015,18.735
St. Lucia,2016,21.837
St. Lucia,2017,20.922
St. Lucia,2018,15.899
St. Lucia,2019,17.12
St. Lucia,2020,19.635
St. Lucia,2021,14.418
St. Lucia,2022,13.151
St. Lucia,2023,12.821
St. Vincent and the Grenadines,2000,9.298
St. Vincent and the Grenadines,2001,10.764
St. Vincent and the Grenadines,2002,8.837
St. Vincent and the Grenadines,2003,8.791
St. Vincent and the Grenadines,2004,9.487
St. Vincent and the Grenadines,2005,9.948
St. Vincent and the Grenadines,2006,11.023
St. Vincent and the Grenadines,2007,12.25
St. Vincent and the Grenadines,2008,12.655
St. Vincent and the Grenadines,2009,12.538
St. Vincent and the Grenadines,2010,12.68
St. Vincent and the Grenadines,2011,12.821
St. Vincent and the Grenadines,2012,13.135
St. Vincent and the Grenadines,2013,13.624
St. Vincent and the Grenadines,2014,11.5
St. Vincent and the Grenadines,2015,10.052
St. Vincent and the Grenadines,2016,12.403
St. Vincent and the Grenadines,2017,12.273
St. Vincent and the Grenadines,2018,10.815
St. Vincent and the Grenadines,2019,10.429
St. Vincent and the Grenadines,2020,9.821
St. Vincent and the Grenadines,2021,8.084
St. Vincent and the Grenadines,2022,11.808
St. Vincent and the Grenadines,2023,15.121
Sudan,2000,4.4
Sudan,2001,1.9
Sudan,2002,3.59
Sudan,2003,0.65
Sudan,2004,2.14
Sudan,2005,1.738
Sudan,2006,2.443
Sudan,2007,2.042
Sudan,2008,2.103
Sudan,2009,0.079
Sudan,2010,0.8
Sudan,2011,1.706
Sudan,2012,8.022
Sudan,2013,64.368
Sudan,2014,35.612
Sudan,2015,89.39
Sudan,2016,112.043
Sudan,2017,124.7
Sudan,2018,208.725
Sudan,2019,138.816
Sudan,2020,199.518
Sudan,2021,175.696
Sudan,2022,247.282
Sudan,2023,0.0
Suriname,2000,0.0
Suriname,2001,0.0
Suriname,2002,0.0
Suriname,2003,0.0
Suriname,2004,0.0
Suriname,2005,9.5
Suriname,2006,4.1
Suriname,2007,6.4
Suriname,2008,8.2
Suriname,2009,4.6
Suriname,2010,1.2
Suriname,2011,2.594
Suriname,2012,12.353
Suriname,2013,18.795
Suriname,2014,22.732
Suriname,2015,32.221
Suriname,2016,40.348
Suriname,2017,79.8
Suriname,2018,82.474
Suriname,2019,71.686
Suriname,2020,77.357
Suriname,2021,105.346
Suriname,2022,107.381
Suriname,2023,97.202
Sweden,2000,538.813
Sweden,2001,578.107
Sweden,2002,507.652
Sweden,2003,567.717
Sweden,2004,660.149
Sweden,2005,728.975
Sweden,2006,930.17
Sweden,2007,1055.652
Sweden,2008,1205.758
Sweden,2009,1071.468
Sweden,2010,1160.032
Sweden,2011,1389.9
Sweden,2012,1386.646
Sweden,2013,1623.542
Sweden,2014,1590.831
Sweden,2015,2275.887
Sweden,2016,2674.566
Sweden,2017,3337.51
Sweden,2018,3439.935
Sweden,2019,3144.697
Sweden,2020,2937.971
Sweden,2021,3572.59
Sweden,2022,3665.991
Sweden,2023,3899.379
Switzerland,2000,6196.274
Switzerland,2001,6921.231
Switzerland,2002,7948.181
Switzerland,2003,9374.39
Switzerland,2004,10615.166
Switzerland,2005,10858.558
Switzerland,2006,11663.457
Switzerland,2007,13402.757
Switzerland,2008,15837.912
Switzerland,2009,16395.815
Switzerland,2010,18511.536
Switzerland,2011,23679.613
Switzerland,2012,23737.304
Switzerland,2013,25338.865
Switzerland,2014,26816.169
Switzerland,2015,26031.033
Switzerland,2016,26050.156
Switzerland,2017,26961.759
Switzerland,2018,27741.468
Switzerland,2019,28436.482
Switzerland,2020,29617.313
Switzerland,2021,32197.612
Switzerland,2022,33550.456
Switzerland,2023,35659.203
Syrian Arab Republic,2000,29.0
Syrian Arab Republic,2001,30.0
Syrian Arab Republic,2002,35.0
Syrian Arab Republic,2003,40.0
Syrian Arab Republic,2004,42.0
Syrian Arab Republic,2005,40.0
Syrian Arab Republic,2006,235.0
Syrian Arab Republic,2007,249.578
Syrian Arab Republic,2008,209.974
Syrian Arab Republic,2009,211.257
Syrian Arab Republic,2010,530.185
Syrian Arab Republic,2011,0.0
Syrian Arab Republic,2012,0.0
Syrian Arab Republic,2013,0.0
Syrian Arab Republic,2014,0.0
Syrian Arab Republic,2015,0.0
Syrian Arab Republic,2016,0.0
Syrian Arab Republic,2017,0.0
Syrian Arab Republic,2018,0.0
Syrian Arab Republic,2019,0.0
Syrian Arab Republic,2020,0.0
Syrian Arab Republic,2021,0.0
Syrian Arab Republic,2022,0.0
Syrian Arab Republic,2023,0.0
Tajikistan,2000,0.0
Tajikistan,2001,0.0
Tajikistan,2002,13.371
Tajikistan,2003,64.441
Tajikistan,2004,118.972
Tajikistan,2005,68.29
Tajikistan,2006,101.469
Tajikistan,2007,157.518
Tajikistan,2008,170.624
Tajikistan,2009,106.075
Tajikistan,2010,183.6
Tajikistan,2011,201.178
Tajikistan,2012,263.466
Tajikistan,2013,240.393
Tajikistan,2014,303.613
Tajikistan,2015,165.138
Tajikistan,2016,87.127
Tajikistan,2017,215.552
Tajikistan,2018,252.025
Tajikistan,2019,190.465
Tajikistan,2020,108.392
Tajikistan,2021,166.749
Tajikistan,2022,223.773
Tajikistan,2023,314.833
Tanzania,2000,20.3
Tanzania,2001,29.675
Tanzania,2002,26.992
Tanzania,2003,27.102
Tanzania,2004,33.886
Tanzania,2005,33.224
Tanzania,2006,29.655
Tanzania,2007,39.372
Tanzania,2008,47.748
Tanzania,2009,46.612
Tanzania,2010,123.0
Tanzania,2011,133.4
Tanzania,2012,162.403
Tanzania,2013,129.704
Tanzania,2014,98.283
Tanzania,2015,103.818
Tanzania,2016,108.375
Tanzania,2017,114.385
Tanzania,2018,99.055
Tanzania,2019,87.215
Tanzania,2020,86.974
Tanzania,2021,122.238
Tanzania,2022,162.212
Tanzania,2023,141.373
Thailand,2000,0.0
Thailand,2001,0.0
Thailand,2002,0.0
Thailand,2003,0.0
Thailand,2004,0.0
Thailand,2005,0.0
Thailand,2006,0.0
Thailand,2007,0.0
Thailand,2008,0.0
Thailand,2009,3265.4
Thailand,2010,3026.91
Thailand,2011,2921.35
Thailand,2012,2893.154
Thailand,2013,3288.96
Thailand,2014,3620.432
Thailand,2015,3992.381
Thailand,2016,4155.203
Thailand,2017,4396.769
Thailand,2018,4923.627
Thailand,2019,8912.892
Thailand,2020,7878.509
Thailand,2021,7583.523
Thailand,2022,6502.745
Thailand,2023,7025.262
Timor-Leste,2000,0.0
Timor-Leste,2001,0.0
Timor-Leste,2002,0.0
Timor-Leste,2003,0.0
Timor-Leste,2004,0.0
Timor-Leste,2005,0.0
Timor-Leste,2006,0.524
Timor-Leste,2007,3.323
Timor-Leste,2008,15.584
Timor-Leste,2009,85.571
Timor-Leste,2010,103.375
Timor-Leste,2011,104.752
Timor-Leste,2012,107.023
Timor-Leste,2013,7.771
Timor-Leste,2014,27.616
Timor-Leste,2015,158.8
Timor-Leste,2016,237.38
Timor-Leste,2017,265.601
Timor-Leste,2018,285.679
Timor-Leste,2019,293.384
Timor-Leste,2020,291.999
Timor-Leste,2021,319.03
Timor-Leste,2022,363.54
Timor-Leste,2023,408.198
Togo,2000,6.745
Togo,2001,5.3
Togo,2002,17.111
Togo,2003,28.39
Togo,2004,34.354
Togo,2005,35.415
Togo,2006,38.668
Togo,2007,47.218
Togo,2008,57.861
Togo,2009,72.291
Togo,2010,62.85
Togo,2011,92.3
Togo,2012,153.251
Togo,2013,177.984
Togo,2014,153.995
Togo,2015,89.432
Togo,2016,77.823
Togo,2017,86.323
Togo,2018,98.185
Togo,2019,102.311
Togo,2020,100.729
Togo,2021,0.0
Togo,2022,0.0
Togo,2023,0.0
Tonga,2000,0.0
Tonga,2001,5.629
Tonga,2002,15.253
Tonga,2003,12.715
Tonga,2004,9.663
Tonga,2005,11.021
Tonga,2006,14.111
Tonga,2007,9.222
Tonga,2008,13.334
Tonga,2009,8.835
Tonga,2010,8.115
Tonga,2011,6.2
Tonga,2012,4.555
Tonga,2013,6.828
Tonga,2014,5.695
Tonga,2015,14.222
Tonga,2016,25.551
Tonga,2017,27.134
Tonga,2018,20.925
Tonga,2019,28.88
Tonga,2020,29.092
Tonga,2021,31.131
Tonga,2022,27.833
Tonga,2023,0.0
Trinidad and Tobago,2000,0.0
Trinidad and Tobago,2001,0.0
Trinidad and Tobago,2002,0.0
Trinidad and Tobago,2003,0.0
Trinidad and Tobago,2004,0.0
Trinidad and Tobago,2005,0.0
Trinidad and Tobago,2006,0.0
Trinidad and Tobago,2007,0.0
Trinidad and Tobago,2008,0.0
Trinidad and Tobago,2009,0.0
Trinidad and Tobago,2010,0.0
Trinidad and Tobago,2011,200.8
Trinidad and Tobago,2012,223.36
Trinidad and Tobago,2013,215.939
Trinidad and Tobago,2014,253.005
Trinidad and Tobago,2015,289.58
Trinidad and Tobago,2016,372.027
Trinidad and Tobago,2017,378.97
Trinidad and Tobago,2018,358.572
Trinidad and Tobago,2019,251.773
Trinidad and Tobago,2020,265.798
Trinidad and Tobago,2021,195.913
Trinidad and Tobago,2022,170.714
Trinidad and Tobago,2023,0.0
Tunisia,2000,21.157
Tunisia,2001,20.921
Tunisia,2002,12.942
Tunisia,2003,17.152
Tunisia,2004,12.927
Tunisia,2005,15.646
Tunisia,2006,16.453
Tunisia,2007,15.218
Tunisia,2008,15.745
Tunisia,2009,12.886
Tunisia,2010,13.344
Tunisia,2011,19.037
Tunisia,2012,18.439
Tunisia,2013,19.573
Tunisia,2014,28.451
Tunisia,2015,26.458
Tunisia,2016,27.42
Tunisia,2017,29.263
Tunisia,2018,28.6
Tunisia,2019,29.819
Tunisia,2020,24.285
Tunisia,2021,31.506
Tunisia,2022,41.544
Tunisia,2023,0.0
Turkiye,2000,0.0
Turkiye,2001,0.0
Turkiye,2002,0.0
Turkiye,2003,0.0
Turkiye,2004,0.0
Turkiye,2005,108.0
Turkiye,2006,124.0
Turkiye,2007,124.0
Turkiye,2008,126.0
Turkiye,2009,157.0
Turkiye,2010,190.0
Turkiye,2011,268.0
Turkiye,2012,404.0
Turkiye,2013,689.0
Turkiye,2014,815.0
Turkiye,2015,850.0
Turkiye,2016,1108.0
Turkiye,2017,631.0
Turkiye,2018,627.0
Turkiye,2019,678.0
Turkiye,2020,521.0
Turkiye,2021,631.0
Turkiye,2022,731.0
Turkiye,2023,951.0
Turkmenistan,2000,0.0
Turkmenistan,2001,0.0
Turkmenistan,2002,0.0
Turkmenistan,2003,0.0
Turkmenistan,2004,0.0
Turkmenistan,2005,0.0
Turkmenistan,2006,0.0
Turkmenistan,2007,0.0
Turkmenistan,2008,0.0
Turkmenistan,2009,0.0
Turkmenistan,2010,0.0
Turkmenistan,2011,0.0
Turkmenistan,2012,0.0
Turkmenistan,2013,0.0
Turkmenistan,2014,0.0
Turkmenistan,2015,0.0
Turkmenistan,2016,0.0
Turkmenistan,2017,0.0
Turkmenistan,2018,0.0
Turkmenistan,2019,0.0
Turkmenistan,2020,0.0
Turkmenistan,2021,0.0
Turkmenistan,2022,0.0
Turkmenistan,2023,0.0
Turks and Caicos Islands,2000,0.0
Turks and Caicos Islands,2001,0.0
Turks and Caicos Islands,2002,0.0
Turks and Caicos Islands,2003,0.0
Turks and Caicos Islands,2004,0.0
Turks and Caicos Islands,2005,0.0
Turks and Caicos Islands,2006,0.0
Turks and Caicos Islands,2007,0.0
Turks and Caicos Islands,2008,0.0
Turks and Caicos Islands,2009,0.0
Turks and Caicos Islands,2010,0.0
Turks and Caicos Islands,2011,0.0
Turks and Caicos Islands,2012,0.0
Turks and Caicos Islands,2013,0.0
Turks and Caicos Islands,2014,81.8
Turks and Caicos Islands,2015,85.674
Turks and Caicos Islands,2016,95.019
Turks and Caicos Islands,2017,108.948
Turks and Caicos Islands,2018,129.125
Turks and Caicos Islands,2019,0.0
Turks and Caicos Islands,2020,0.0
Turks and Caicos Islands,2021,0.0
Turks and Caicos Islands,2022,0.0
Turks and Caicos Islands,2023,0.0
Tuvalu,2000,0.0
Tuvalu,2001,0.4
Tuvalu,2002,0.435
Tuvalu,2003,0.302
Tuvalu,2004,0.499
Tuvalu,2005,0.705
Tuvalu,2006,1.224
Tuvalu,2007,1.358
Tuvalu,2008,1.368
Tuvalu,2009,1.384
Tuvalu,2010,1.912
Tuvalu,2011,2.39
Tuvalu,2012,2.663
Tuvalu,2013,1.375
Tuvalu,2014,1.303
Tuvalu,2015,1.117
Tuvalu,2016,1.117
Tuvalu,2017,1.102
Tuvalu,2018,1.19
Tuvalu,2019,1.235
Tuvalu,2020,1.355
Tuvalu,2021,2.419
Tuvalu,2022,1.8
Tuvalu,2023,0.0
Uganda,2000,353.0
Uganda,2001,354.7
Uganda,2002,357.648
Uganda,2003,181.806
Uganda,2004,194.093
Uganda,2005,197.011
Uganda,2006,206.069
Uganda,2007,235.714
Uganda,2008,381.044
Uganda,2009,482.616
Uganda,2010,331.1
Uganda,2011,395.371
Uganda,2012,325.374
Uganda,2013,367.619
Uganda,2014,301.772
Uganda,2015,278.222
Uganda,2016,349.353
Uganda,2017,344.725
Uganda,2018,399.985
Uganda,2019,379.26
Uganda,2020,198.739
Uganda,2021,222.426
Uganda,2022,245.274
Uganda,2023,193.858
Ukraine,2000,5.0
Ukraine,2001,0.0
Ukraine,2002,4.0
Ukraine,2003,4.0
Ukraine,2004,6.0
Ukraine,2005,186.0
Ukraine,2006,255.0
Ukraine,2007,353.0
Ukraine,2008,714.0
Ukraine,2009,613.0
Ukraine,2010,703.0
Ukraine,2011,849.0
Ukraine,2012,1003.0
Ukraine,2013,1716.0
Ukraine,2014,1702.0
Ukraine,2015,627.0
Ukraine,2016,559.0
Ukraine,2017,584.0
Ukraine,2018,565.0
Ukraine,2019,575.0
Ukraine,2020,843.0
Ukraine,2021,1083.0
Ukraine,2022,2036.0
Ukraine,2023,94.0
United Arab Emirates,2000,13500.0
United Arab Emirates,2001,14360.21
United Arab Emirates,2002,15200.0
United Arab Emirates,2003,16119.998
United Arab Emirates,2004,17070.0
United Arab Emirates,2005,19729.992
United Arab Emirates,2006,22300.889
United Arab Emirates,2007,31886.885
United Arab Emirates,2008,36699.99
United Arab Emirates,2009,35023.825
United Arab Emirates,2010,38719.168
United Arab Emirates,2011,41227.485
United Arab Emirates,2012,52876.655
United Arab Emirates,2013,26462.125
United Arab Emirates,2014,28275.385
United Arab Emirates,2015,39700.092
United Arab Emirates,2016,39154.726
United Arab Emirates,2017,41254.294
United Arab Emirates,2018,45251.076
United Arab Emirates,2019,52879.51
United Arab Emirates,2020,42069.435
United Arab Emirates,2021,40245.065
United Arab Emirates,2022,39673.247
United Arab Emirates,2023,38500.0
United Kingdom,2000,5366.131
United Kingdom,2001,5462.692
United Kingdom,2002,5996.405
United Kingdom,2003,6990.702
United Kingdom,2004,8930.419
United Kingdom,2005,9643.118
United Kingdom,2006,10645.651
United Kingdom,2007,11596.568
United Kingdom,2008,11211.837
United Kingdom,2009,9274.762
United Kingdom,2010,9565.109
United Kingdom,2011,9931.101
United Kingdom,2012,10077.435
United Kingdom,2013,10528.126
United Kingdom,2014,11572.711
United Kingdom,2015,10707.263
United Kingdom,2016,10190.899
United Kingdom,2017,9803.751
United Kingdom,2018,10410.041
United Kingdom,2019,10360.301
United Kingdom,2020,9382.38
United Kingdom,2021,10273.648
United Kingdom,2022,10917.819
United Kingdom,2023,11569.705
United States,2000,35315.0
United States,2001,39007.0
United States,2002,40562.0
United States,2003,41391.0
United States,2004,44927.0
United States,2005,47751.0
United States,2006,50974.0
United States,2007,53039.0
United States,2008,55679.0
United States,2009,50555.0
United States,2010,50527.0
United States,2011,50854.0
United States,2012,52371.0
United States,2013,55003.0
United States,2014,57239.0
United States,2015,60719.0
United States,2016,62870.0
United States,2017,64114.0
United States,2018,66836.0
United States,2019,71583.0
United States,2020,66126.0
United States,2021,73720.0
United States,2022,81636.0
United States,2023,85757.0
Uruguay,2000,0.0
Uruguay,2001,0.0
Uruguay,2002,0.0
Uruguay,2003,1.422
Uruguay,2004,1.77
Uruguay,2005,2.176
Uruguay,2006,2.843
Uruguay,2007,3.536
Uruguay,2008,4.678
Uruguay,2009,5.629
Uruguay,2010,6.651
Uruguay,2011,7.211
Uruguay,2012,10.0
Uruguay,2013,100.492
Uruguay,2014,93.966
Uruguay,2015,87.385
Uruguay,2016,85.259
Uruguay,2017,101.05
Uruguay,2018,109.274
Uruguay,2019,116.8
Uruguay,2020,106.387
Uruguay,2021,117.748
Uruguay,2022,127.108
Uruguay,2023,135.289
Uzbekistan,2000,0.0
Uzbekistan,2001,0.0
Uzbekistan,2002,0.0
Uzbekistan,2003,0.0
Uzbekistan,2004,0.0
Uzbekistan,2005,148.297
Uzbekistan,2006,189.562
Uzbekistan,2007,327.699
Uzbekistan,2008,473.929
Uzbekistan,2009,385.684
Uzbekistan,2010,260.825
Uzbekistan,2011,341.066
Uzbekistan,2012,402.304
Uzbekistan,2013,676.779
Uzbekistan,2014,607.072
Uzbekistan,2015,335.516
Uzbekistan,2016,159.3
Uzbekistan,2017,174.312
Uzbekistan,2018,244.064
Uzbekistan,2019,274.722
Uzbekistan,2020,341.078
Uzbekistan,2021,447.731
Uzbekistan,2022,625.358
Uzbekistan,2023,594.926
Vanuatu,2000,17.194
Vanuatu,2001,16.11
Vanuatu,2002,2.148
Vanuatu,2003,2.72
Vanuatu,2004,2.98
Vanuatu,2005,3.001
Vanuatu,2006,3.138
Vanuatu,2007,2.625
Vanuatu,2008,2.549
Vanuatu,2009,2.695
Vanuatu,2010,3.1
Vanuatu,2011,3.535
Vanuatu,2012,2.382
Vanuatu,2013,2.444
Vanuatu,2014,3.715
Vanuatu,2015,3.331
Vanuatu,2016,4.552
Vanuatu,2017,4.852
Vanuatu,2018,10.171
Vanuatu,2019,15.54
Vanuatu,2020,8.473
Vanuatu,2021,7.824
Vanuatu,2022,19.057
Vanuatu,2023,21.784
"Venezuela, RB",2000,331.0
"Venezuela, RB",2001,406.0
"Venezuela, RB",2002,383.0
"Venezuela, RB",2003,209.0
"Venezuela, RB",2004,214.0
"Venezuela, RB",2005,211.0
"Venezuela, RB",2006,257.0
"Venezuela, RB",2007,662.0
"Venezuela, RB",2008,841.0
"Venezuela, RB",2009,582.0
"Venezuela, RB",2010,805.0
"Venezuela, RB",2011,782.0
"Venezuela, RB",2012,899.0
"Venezuela, RB",2013,1117.0
"Venezuela, RB",2014,193.0
"Venezuela, RB",2015,105.0
"Venezuela, RB",2016,54.0
"Venezuela, RB",2017,0.0
"Venezuela, RB",2018,0.0
"Venezuela, RB",2019,0.0
"Venezuela, RB",2020,0.0
"Venezuela, RB",2021,0.0
"Venezuela, RB",2022,0.0
"Venezuela, RB",2023,0.0
Viet Nam,2000,0.0
Viet Nam,2001,0.0
Viet Nam,2002,0.0
Viet Nam,2003,0.0
Viet Nam,2004,0.0
Viet Nam,2005,0.0
Viet Nam,2006,0.0
Viet Nam,2007,0.0
Viet Nam,2008,0.0
Viet Nam,2009,0.0
Viet Nam,2010,0.0
Viet Nam,2011,0.0
Viet Nam,2012,0.0
Viet Nam,2013,0.0
Viet Nam,2014,46.0
Viet Nam,2015,0.0
Viet Nam,2016,0.0
Viet Nam,2017,0.0
Viet Nam,2018,0.0
Viet Nam,2019,0.0
Viet Nam,2020,0.0
Viet Nam,2021,0.0
Viet Nam,2022,0.0
Viet Nam,2023,0.0
West Bank and Gaza,2000,5.6
West Bank and Gaza,2001,4.901
West Bank and Gaza,2002,5.095
West Bank and Gaza,2003,17.884
West Bank and Gaza,2004,10.761
West Bank and Gaza,2005,6.476
West Bank and Gaza,2006,6.788
West Bank and Gaza,2007,7.929
West Bank and Gaza,2008,8.3
West Bank and Gaza,2009,7.912
West Bank and Gaza,2010,18.127
West Bank and Gaza,2011,47.915
West Bank and Gaza,2012,48.11
West Bank and Gaza,2013,52.642
West Bank and Gaza,2014,36.129
West Bank and Gaza,2015,30.398
West Bank and Gaza,2016,30.393
West Bank and Gaza,2017,27.462
West Bank and Gaza,2018,22.347
West Bank and Gaza,2019,29.08
West Bank and Gaza,2020,21.881
West Bank and Gaza,2021,32.248
West Bank and Gaza,2022,24.094
West Bank and Gaza,2023,9.33
"Yemen, Rep.",2000,0.0
"Yemen, Rep.",2001,0.0
"Yemen, Rep.",2002,0.0
"Yemen, Rep.",2003,0.0
"Yemen, Rep.",2004,0.0
"Yemen, Rep.",2005,109.496
"Yemen, Rep.",2006,120.44
"Yemen, Rep.",2007,318.72
"Yemen, Rep.",2008,336.84
"Yemen, Rep.",2009,336.84
"Yemen, Rep.",2010,338.32
"Yemen, Rep.",2011,333.42
"Yemen, Rep.",2012,337.707
"Yemen, Rep.",2013,333.296
"Yemen, Rep.",2014,335.396
"Yemen, Rep.",2015,333.39
"Yemen, Rep.",2016,332.7
"Yemen, Rep.",2017,0.0
"Yemen, Rep.",2018,0.0
"Yemen, Rep.",2019,0.0
"Yemen, Rep.",2020,0.0
"Yemen, Rep.",2021,0.0
"Yemen, Rep.",2022,0.0
"Yemen, Rep.",2023,0.0
Zambia,2000,24.1
Zambia,2001,28.4
Zambia,2002,37.5
Zambia,2003,71.5
Zambia,2004,76.1
Zambia,2005,93.7
Zambia,2006,115.457
Zambia,2007,123.93
Zambia,2008,138.885
Zambia,2009,65.617
Zambia,2010,68.064
Zambia,2011,70.414
Zambia,2012,96.922
Zambia,2013,77.324
Zambia,2014,81.2
Zambia,2015,72.105
Zambia,2016,63.406
Zambia,2017,121.371
Zambia,2018,132.001
Zambia,2019,103.807
Zambia,2020,88.511
Zambia,2021,122.332
Zambia,2022,131.254
Zambia,2023,133.553
Zimbabwe,2000,0.0
Zimbabwe,2001,0.0
Zimbabwe,2002,0.0
Zimbabwe,2003,0.0
Zimbabwe,2004,0.0
Zimbabwe,2005,0.0
Zimbabwe,2006,0.0
Zimbabwe,2007,0.0
Zimbabwe,2008,0.0
Zimbabwe,2009,8.6
Zimbabwe,2010,9.022
Zimbabwe,2011,9.446
Zimbabwe,2012,9.889
Zimbabwe,2013,10.354
Zimbabwe,2014,10.841
Zimbabwe,2015,11.35
Zimbabwe,2016,13.845
Zimbabwe,2017,18.575
Zimbabwe,2018,29.279
Zimbabwe,2019,13.481
Zimbabwe,2020,21.707
Zimbabwe,2021,0.0
Zimbabwe,2022,0.0
Zimbabwe,2023,0.0
